Workbook

Sheet NOVEMBER 2025
A1: LAPORAN KONSUMSI BBM KENDARAAN DINAS PT PELINDO DAYA SEJAHTERA
A2: PERIODE NOVEMBER 2025
A3: SUGENG | V3: MAS WAFI
A4: TANGGAL | B4: HANTARAN OPERATOR ITV TPS | L4: OPERASIONAL KEBERSHAN TPS | V4: SAPU JALAN PERAK BARAT | X4: PENYIRAMAN PERAK | Z4: SAPU JALAN (SPMT) | AB4: KEBERSIHAN PERAK | AD4: GRAND TOTAL
B5: L 1941 OL (L 1873 SB) | D5: L 1941 OL (L 1873 SB) | F5: L 1536 MZ (L 1388 PC) | H5: L 1536 MZ (L 1388 PC) | J5: L 1838 ZB (L 1641 PA) | L5: L 8203 AF | N5: L 9910 BR | P5: L 9910 BR | R5: L 9078 BU | T5: L 9078 BU | V5: pertalite | W5: L 9662 NK | X5: pertamax | Y5: L 9964 NK | Z5: Solar | AA5: AE 8719 SQ/L 8393 LT | AB5: pertalite | AC5: L 8065 TR
B6: Pertalite | C6: Rp | D6: Pertamax | E6: Rp | F6: Pertalite | G6: Rp | H6: Pertamax | I6: Rp | J6: Pertalite | K6: Rp | L6: solar | M6: Rp | N6: solar | O6: Rp | P6: pertamax | Q6: Rp | R6: Pertamax | S6: Rp | T6: Solar | U6: Rp | V6: Liter | W6: Rp | X6: Liter | Y6: Rp | Z6: Liter | AA6: Rp | AB6: Liter | AC6: Rp
A7: 45962
B10: 29.15 | C10: 291500 | J10: 39.27 | K10: 392700
A11: 45963
B14: 23.84 | C14: 238400 | F14: 39.89 | G14: 398900 | J14: 26.13 | K14: 261300
A15: 45964
F17: 27.06 | G17: 270600
B18: 24 | C18: 240000 | J18: 18.96 | K18: 189600 | P18: 20 | Q18: 244000 | T18: 59.47 | U18: 404396 | V18: 20 | W18: 200000
A19: 45965
J21: 26.13 | K21: 261300
B22: 15.11 | C22: 151100 | F22: 25.87 | G22: 258700 | V22: 20 | W22: 200000
A23: 45966
B25: 12.58 | C25: 125800 | AB25: 10 | AC25: 100000
F26: 26.75 | G26: 267500 | J26: 21.24 | K26: 212400
A27: 45967
F30: 29.71 | G30: 297100 | J30: 29.47 | K30: 294700
A31: 45968
B33: 18.9 | C33: 189000
F34: 25.46 | G34: 254600 | J34: 22.56 | K34: 225600 | L34: 55.65 | M34: 378420 | N34: 52.37 | O34: 356120 | R34: 20 | S34: 244000 | X34: 20 | Y34: 244000
A35: 45969
B38: 29.1 | C38: 291000 | F38: 26.45 | G38: 264500 | J38: 18.94 | K38: 189400 | T38: 51.02 | U38: 346936
A39: 45970
B42: 19.71 | C42: 197100 | F42: 31.67 | G42: 316700 | J42: 27.91 | K42: 279100
A43: 45971
B46: 21.88 | C46: 218800 | F46: 23.86 | G46: 238600 | J46: 16.73 | K46: 167300 | R46: 20 | S46: 244000
A47: 45972
F50: 25.2 | G50: 252000 | J50: 24.46 | K50: 244600 | V50: 20 | W50: 200000 | X50: 20 | Y50: 244000 | AB50: 10 | AC50: 100000
A51: 45973
B54: 24.58 | C54: 245800 | F54: 29.11 | G54: 291100 | J54: 24.31 | K54: 243100 | T54: 60 | U54: 408000 | Z54: 32.34 | AA54: 219912
A55: 45974
B58: 19.31 | C58: 193100 | F58: 24.56 | G58: 245600 | J58: 27 | K58: 270000
A59: 45975
B62: 13.64 | C62: 136400 | F62: 24.31 | G62: 243100 | J62: 25.76 | K62: 257600 | R62: 20 | S62: 244000 | X62: 20 | Y62: 244000 | AB62: 10 | AC62: 100000
A63: 45976
B66: 14.99 | C66: 149900 | F66: 28.02 | G66: 280200 | J66: 23.19 | K66: 231900
A67: 45977
B70: 26.99 | C70: 269900 | F70: 24.68 | G70: 246800
A71: 45978
B74: 25.03 | C74: 250300 | F74: 27.71 | G74: 277100 | J74: 27.19 | K74: 271900 | N74: 57.2 | O74: 388890 | R74: 20 | S74: 244000 | T74: 60 | U74: 408000 | V74: 20 | W74: 200000 | X74: 20 | Y74: 244000 | AB74: 20 | AC74: 200000
A75: 45979
B78: 22.36 | C78: 223600 | F78: 28.58 | G78: 285800 | J78: 17.97 | K78: 179700 | AB78: 10 | AC78: 100000
A79: 45980
B82: 26.4 | C82: 264000 | F82: 25.53 | G82: 255300 | J82: 21.15 | K82: 211500
A83: 45981
B86: 22.64 | C86: 226400 | F86: 31.22 | G86: 312200 | J86: 27.95 | K86: 279500 | L86: 57.1 | M86: 388280
A87: 45982
B90: 19.29 | C90: 192900 | F90: 23.29 | G90: 232900 | J90: 22.31 | K90: 223100 | R90: 20 | S90: 244000 | T90: 60 | U90: 408000 | X90: 20 | Y90: 244000
A91: 45983
B94: 21.42 | C94: 214200 | F94: 28.74 | G94: 287400 | J94: 23.38 | K94: 233800
A95: 45984
B98: 23.93 | C98: 239300 | F98: 29.55 | G98: 295500 | J98: 18.96 | K98: 189600
A99: 45985
B102: 25.93 | C102: 259300 | F102: 31.05 | G102: 310500 | J102: 27.22 | K102: 272200 | V102: 20 | W102: 200000
A103: 45986
B106: 30.11 | C106: 301100 | F106: 34.35 | G106: 343500 | J106: 25.9 | K106: 259000 | R106: 20 | S106: 244000 | X106: 20 | Y106: 244000 | AB106: 10 | AC106: 100000
A107: 45987
B110: 31.61 | C110: 316100 | F110: 29.49 | G110: 294900 | J110: 24.85 | K110: 248500
A111: 45988
B114: 26.01 | C114: 260100 | F114: 37.71 | G114: 377100 | J114: 26.38 | K114: 263800 | N114: 60 | O114: 408000 | T114: 60 | U114: 408000 | X114: 20 | Y114: 244000
A115: 45989
B118: 28 | C118: 280000 | F118: 27.67 | G118: 276700 | P118: 10 | Q118: 122000 | AB118: 10 | AC118: 100000
A119: 45990
H122: 16.39 | I122: 200000 | P122: 16.39 | Q122: 200000 | R122: 8.19 | S122: 100000
A123: 45991
F126: 20 | G126: 200000 | H126: 38.29 | I126: 467138 | J126: 20 | K126: 200000 | Z126: 37.77 | AA126: 256836
A127: TOTAL | C127: =SUM(C7:C126) -> 5965100 | E127: =SUM(E7:E126) -> 0 | G127: =SUM(G7:G126) -> 7874900 | I127: =SUM(I7:I126) -> 667138 | K127: =SUM(K7:K126) -> 6553200 | M127: =SUM(M7:M126) -> 766700 | O127: =SUM(O7:O126) -> 1153010 | Q127: =SUM(Q7:Q126) -> 566000 | S127: =SUM(S7:S126) -> 1564000 | U127: =SUM(U7:U126) -> 2383332 | W127: =SUM(W7:W126) -> 1000000 | Y127: =SUM(Y7:Y126) -> 1708000 | AA127: =SUM(AA7:AA126) -> 476748 | AC127: =SUM(AC7:AC126) -> 800000 | AD127: =SUM(B127:AC127) -> 31478128
B128: =SUM(B7:B126) -> 596.51 | D128: =SUM(D7:D126) -> 0 | F128: =SUM(F7:F126) -> 787.49 | H128: =SUM(H7:H126) -> 54.68 | J128: =SUM(J7:J126) -> 655.32 | L128: =SUM(L7:L126) -> 112.75 | N128: =SUM(N7:N126) -> 169.57 | P128: =SUM(P7:P126) -> 46.39 | R128: =SUM(R7:R126) -> 128.19 | T128: =SUM(T7:T126) -> 350.49 | V128: =SUM(V7:V126) -> 100 | X128: =SUM(X7:X126) -> 140 | Z128: =SUM(Z7:Z126) -> 70.11 | AB128: =SUM(AB7:AB126) -> 80 | AD128: =SUM(B128:AC128) -> 3291.5
A132: LAPORAN KONSUMSI BBM KENDARAAN DINAS PT PELINDO DAYA SEJAHTERA PERIODE NOVEMBER 2025
A134: MAS RAJIP | X134: REGIONAL
A135: TANGGAL | B135: PORT SECURITY PERAK | H135: SEPEDA MOTOR OPS PORT SECURITY | AL135: OPERASIONAL KANTOR PUSAT PTPDS | AN135: GRAND TOTAL
B136: L 9554 BW | D136: L 9560 BW | F136: L 8045 NH | H136: L 8046 NH | J136: B 4498 TVA | L136: L 6552 ZZ (SPMT) | N136: L 6552 ZZ (SPMT) | P136: L 6548 ZZ (SPMT) | R136: L 6548 ZZ (SPMT) | T136: L 5198 PU | V136: L 2576 CBF | X136: L 2576 CBF | Z136: L 2577 CBF | AB136: L 2577 CBF | AD136: L 2578 CBF | AF136: L 2578 CBF | AH136: KB 4836 MT | AJ136: B 4834 MT (SPMT) | AL136: B 2072 PZG
B137: Solar | C137: Rp | D137: Solar | E137: Rp | F137: Pert.Dex | G137: Rp | H137: Pert.Dex | I137: Rp | J137: pertalie | K137: Rp | L137: P.Turbo | M137: Rp | N137: pertamax | O137: Rp | P137: pertalite | Q137: Rp | R137: pertamax | S137: Rp | T137: pertamax | U137: Rp | V137: pertamax | W137: Rp | X137: pertalite | Y137: Rp | Z137: pertamax | AA137: Rp | AB137: pertalite | AC137: Rp | AD137: pertamax | AE137: Rp | AF137: pertalite | AG137: Rp | AH137: pertalite | AI137: Rp | AJ137: pertalite | AK137: Rp | AL137: Liter | AM137: Rp
A139: 45962
A141: 45963 | P141: 10 | Q141: 100000
B142: 58.48 | C142: 397664 | D142: 59.54 | E142: 404872 | J142: 10 | K142: 100000 | N142: 5.73 | O142: 70000 | P142: 10 | Q142: 100000 | V142: 3.27 | W142: 40000 | Z142: 3.27 | AA142: 40000 | AD142: 3.27 | AE142: 40000
A143: 45964 | R143: 8.19 | S143: 100000
F144: 28.1 | G144: 399020 | H144: 28.26 | I144: 401292 | N144: 8.19 | O144: 100000 | R144: 8.19 | S144: 100000 | V144: 3.27 | W144: 40000 | Z144: 3.27 | AA144: 40000 | AD144: 3.27 | AE144: 40000
A145: 45965
AD146: 3.27 | AE146: 40000
A147: 45966 | N147: 8.19 | O147: 100000
B148: 58.38 | C148: 396984 | D148: 57.88 | E148: 393584 | N148: 8.19 | O148: 100000 | R148: 8.19 | S148: 100000 | T148: 3.27 | U148: 40000 | V148: 3.27 | W148: 40000 | Z148: 3.27 | AA148: 40000 | AD148: 3.27 | AE148: 40000
A149: 45967
B150: 58.13 | C150: 395284 | V150: 3.27 | W150: 40000
A151: 45968 | D151: 58.35 | E151: 396780 | R151: 8.19 | S151: 100000
B152: 59.12 | C152: 402016 | D152: 57.33 | E152: 389844 | N152: 8.19 | O152: 100000 | R152: 8.19 | S152: 100000 | V152: 3.27 | W152: 40000 | Z152: 3.27 | AA152: 40000 | AD152: 3.27 | AE152: 40000
A153: 45969
X154: 4 | Y154: 40000
A155: 45970 | R155: 8.19 | S155: 100000
B156: 58.52 | C156: 397936 | D156: 59.1 | E156: 401880 | L156: 5.34 | M156: 70000 | N156: 8.19 | O156: 100000 | R156: 8.19 | S156: 100000 | X156: 4 | Y156: 40000 | AB156: 4 | AC156: 40000 | AF156: 4 | AG156: 40000
A157: 45971
A159: 45972 | R159: 8.19 | S159: 100000 | V159: 8.19 | W159: 100000
B160: 59.59 | C160: 405212 | D160: 58.98 | E160: 401064 | N160: 8.19 | O160: 100000 | R160: 8.19 | S160: 100000 | V160: 3.27 | W160: 40000 | Z160: 3.27 | AA160: 40000
A161: 45973
J162: 2 | K162: 20000 | Z162: 3.27 | AA162: 40000 | AF162: 10 | AG162: 100000
A163: 45974 | N163: 8.19 | O163: 100000 | R163: 8.19 | S163: 100000
...

Sheet OKTOBER 2025
A1: LAPORAN KONSUMSI BBM KENDARAAN DINAS PT PELINDO DAYA SEJAHTERA
A2: PERIODE AGUSTUS 2025
A3: SUGENG | V3: MAS WAFI
A4: TANGGAL | B4: HANTARAN OPERATOR ITV TPS | L4: OPERASIONAL KEBERSHAN TPS | V4: SAPU JALAN PERAK BARAT | X4: PENYIRAMAN PERAK | Z4: SAPU JALAN (SPMT) | AB4: KEBERSIHAN PERAK | AD4: GRAND TOTAL
B5: L 1941 OL (L 1873 SB) | D5: L 1941 OL (L 1873 SB) | F5: L 1536 MZ (L 1388 PC) | H5: L 1536 MZ (L 1388 PC) | J5: L 1838 ZB (L 1641 PA) | L5: L 8203 AF | N5: L 9910 BR | P5: L 9910 BR | R5: L 9078 BU | T5: L 9078 BU | V5: pertalite | W5: L 9662 NK | X5: pertamax | Y5: L 9964 NK | Z5: Solar | AA5: AE 8719 SQ/L 8393 LT | AB5: pertalite | AC5: L 8065 TR
B6: Pertalite | C6: Rp | D6: Pertamax | E6: Rp | F6: Pertalite | G6: Rp | H6: Pertamax | I6: Rp | J6: Pertalite | K6: Rp | L6: solar | M6: Rp | N6: solar | O6: Rp | P6: pertamax | Q6: Rp | R6: Pertamax | S6: Rp | T6: Solar | U6: Rp | V6: Liter | W6: Rp | X6: Liter | Y6: Rp | Z6: Liter | AA6: Rp | AB6: Liter | AC6: Rp
A7: 45931
F8: 28.01 | G8: 280100
J9: 18.05 | K9: 180500
F10: 26.55 | G10: 265500 | V10: 20 | W10: 200000
A11: 45932 | AB11: 10 | AC11: 100000
B14: 22.84 | C14: 228400 | F14: 25.65 | G14: 256500 | J14: 21.2 | K14: 212000
A15: 45933
B18: 28.07 | C18: 280700 | D18: 20 | E18: 244000 | F18: 27.56 | G18: 275600 | J18: 13.2 | K18: 132000 | L18: 52.56 | M18: 357408 | T18: 60 | U18: 408000 | X18: 20 | Y18: 244000
A19: 45934
B22: 35.12 | C22: 351200 | F22: 29.86 | G22: 298600 | J22: 21.07 | K22: 210700
A23: 45935
B26: 26.92 | C26: 269200
A27: 45936
B30: 29.74 | C30: 297400 | F30: 28.13 | G30: 281300 | J30: 31.31 | K30: 313100 | V30: 20 | W30: 200000 | AB30: 10 | AC30: 100000
A31: 45937
B34: 28.62 | C34: 286200 | F34: 30.47 | G34: 304700 | P34: 20 | Q34: 244000
A35: 45938
B38: 33.11 | C38: 331100 | F38: 31.21 | G38: 312100 | J38: 25.36 | K38: 253600 | N38: 60 | O38: 408000 | V38: 20 | W38: 200000 | X38: 20 | Y38: 244000
A39: 45939
B42: 27.36 | C42: 273600 | F42: 29.94 | G42: 299400 | N42: 60 | O42: 408000
A43: 45940
B46: 21.77 | C46: 217700 | F46: 25.28 | G46: 252800 | AB46: 10 | AC46: 100000
A47: 45941
B50: 26.31 | C50: 263100 | F50: 29.6 | G50: 296000 | J50: 32.31 | K50: 323100
A51: 45942
B54: 34.09 | C54: 340900 | F54: 25.88 | G54: 258800 | Z54: 33.24 | AA54: 226032
A55: 45943
B58: 29.06 | C58: 290600 | F58: 31.45 | G58: 314500 | J58: 15.33 | K58: 153300 | P58: 20 | Q58: 244000 | T58: 65.12 | U58: 442816 | V58: 20 | W58: 200000
A59: 45944
B62: 30.61 | C62: 306100 | F62: 28.96 | G62: 289600 | X62: 20 | Y62: 244000 | AB62: 10 | AC62: 100000
A63: 45945
B66: 31.2 | C66: 312000 | F66: 29.63 | G66: 296300 | L66: 57.14 | M66: 388552
A67: 45946
B70: 30.4 | C70: 304000 | F70: 32.99 | G70: 329900
A71: 45947
B74: 16.5 | C74: 165000 | F74: 30.2 | G74: 302000 | J74: 41.11 | K74: 411100 | R74: 20 | S74: 244000
A75: 45948
B78: 27.17 | C78: 271700 | F78: 23.55 | G78: 235500 | J78: 29.63 | K78: 296300 | P78: 20 | Q78: 244000 | T78: 47.26 | U78: 321368 | AB78: 10 | AC78: 100000
A79: 45949
B82: 33.67 | C82: 336700 | F82: 21.37 | G82: 213700 | J82: 25.99 | K82: 259900
A83: 45950
B86: 29.87 | C86: 298700 | F86: 20.26 | G86: 202600 | J86: 19.09 | K86: 190900 | N86: 60 | O86: 408000 | V86: 20 | W86: 200000
A87: 45951
B90: 32.92 | C90: 329200 | F90: 20 | G90: 200000 | J90: 23.08 | K90: 230800 | R90: 20 | S90: 244000 | T90: 57.01 | U90: 387670
A91: 45952
B94: 29.35 | C94: 293500 | J94: 24.64 | K94: 246400
A95: 45953
B98: 29.64 | C98: 296400 | F98: 32.02 | G98: 320200 | J98: 24.64 | K98: 246400 | X98: 20 | Y98: 244000 | AB98: 10 | AC98: 100000
A99: 45954
F100: 29.37 | G100: 293700
F102: 23.87 | G102: 238700 | J102: 25.31 | K102: 253100 | R102: 20 | S102: 244000
A103: 45955
B106: 28.53 | C106: 285300 | F106: 27.37 | G106: 273700 | J106: 22.31 | K106: 223100
A107: 45956
B110: 27.18 | C110: 271800 | F110: 19.34 | G110: 193400 | J110: 33.97 | K110: 339700
A111: 45957
B114: 32.47 | C114: 324700 | F114: 14.87 | G114: 148700 | H114: 20 | I114: 244000 | J114: 24.84 | K114: 248400 | L114: 54.06 | M114: 367610 | V114: 20 | W114: 200000 | Z114: 36.56 | AA114: 248610 | AB114: 7.4 | AC114: 74000
A115: 45958
B118: 26.55 | C118: 265500 | F118: 24.54 | G118: 245400 | J118: 21.33 | K118: 213300 | T118: 59.77 | U118: 406436
A119: 45959
B122: 29.41 | C122: 294108 | J122: 31.32 | K122: 313200 | N122: 60 | O122: 408000
A123: 45960
B126: 32.77 | C126: 327700 | F126: 27.53 | G126: 275300 | J126: 24.28 | K126: 242800
A127: 45961
B130: 34.91 | C130: 349100 | J130: 24.89 | K130: 248900 | X130: 20 | Y130: 244000 | AB130: 10 | AC130: 100000
A131: TOTAL | C131: =SUM(C7:C130) -> 8461608 | E131: =SUM(E7:E130) -> 244000 | G131: =SUM(G7:G130) -> 7754600 | I131: =SUM(I7:I130) -> 244000 | K131: =SUM(K7:K130) -> 5742600 | M131: =SUM(M7:M130) -> 1113570 | O131: =SUM(O7:O130) -> 1632000 | Q131: =SUM(Q7:Q130) -> 732000 | S131: =SUM(S7:S130) -> 732000 | U131: =SUM(U7:U130) -> 1966290 | W131: =SUM(W7:W130) -> 1200000 | Y131: =SUM(Y7:Y130) -> 1220000 | AA131: =SUM(AA7:AA130) -> 474642 | AC131: =SUM(AC7:AC130) -> 774000 | AD131: =SUM(B131:AC131) -> 32291310
B132: =SUM(B7:B130) -> 846.16 | D132: =SUM(D7:D130) -> 20 | F132: =SUM(F7:F130) -> 775.46 | H132: 0 | J132: =SUM(J7:J130) -> 574.26 | L132: =SUM(L7:L130) -> 163.76 | N132: =SUM(N7:N130) -> 240 | P132: =SUM(P7:P130) -> 60 | R132: =SUM(R7:R130) -> 60 | T132: =SUM(T7:T130) -> 289.16 | V132: =SUM(V7:V130) -> 120 | X132: =SUM(X7:X130) -> 100 | Z132: =SUM(Z7:Z130) -> 69.8 | AB132: =SUM(AB7:AB130) -> 77.4 | AD132: =SUM(B132:AC132) -> 3396
A136: LAPORAN KONSUMSI BBM KENDARAAN DINAS PT PELINDO DAYA SEJAHTERA PERIODE OKTOBER 2025
A138: MAS RAJIP | X138: REGIONAL
A139: TANGGAL | B139: PORT SECURITY PERAK | H139: SEPEDA MOTOR OPS PORT SECURITY | AD139: OPERASIONAL KANTOR PUSAT PTPDS | AF139: GRAND TOTAL
B140: L 9554 BW | D140: L 9560 BW | F140: L 9644 CM | H140: B 4940 TUD | J140: B 4498 TVA | L140: L 6552 ZZ (SPMT) | N140: L 6548 ZZ (SPMT) | P140: L 5198 PU | R140: L 5198 PU | T140: L 2576 CBF | V140: L 2577 CBF | X140: L 2578 CBF | Z140: KB 4836 MT | AB140: B 4834 MT (SPMT) | AD140: B 2072 PZG
B141: Solar | C141: Rp | D141: Solar | E141: Rp | F141: Pert.Dex | G141: Rp | H141: pertalie | I141: Rp | J141: pertalie | K141: Rp | L141: pertalie | M141: Rp | N141: pertalite | O141: Rp | P141: pertalite | Q141: Rp | R141: pertamax | S141: Rp | T141: pertamax | U141: Rp | V141: pertamax | W141: Rp | X141: pertamax | Y141: Rp | Z141: pertalite | AA141: Rp | AB141: pertalite | AC141: Rp | AD141: Liter | AE141: Rp
A143: 45931
D144: 60 | E144: 408000 | H144: 10 | I144: 100000 | J144: 7.15 | K144: 71500
A145: 45932 | N145: 10 | O145: 100000
B146: 59.72 | C146: 406096 | D146: 58.3 | E146: 396440 | H146: 4 | I146: 40000 | J146: 4 | K146: 40000 | L146: 10 | M146: 100000 | N146: 10 | O146: 100000 | P146: 4 | Q146: 40000 | Z146: 4 | AA146: 40000
A147: 45933
A149: 45934 | L149: 10 | M149: 100000 | N149: 10 | O149: 100000
B150: 58.29 | C150: 396372 | D150: 59.68 | E150: 405824 | H150: 4 | I150: 40000 | J150: 4 | K150: 40000 | L150: 10 | M150: 100000 | N150: 10 | O150: 100000 | P150: 4 | Q150: 40000
A151: 45935
A153: 45936 | N153: 10 | O153: 100000
B154: 59.62 | C154: 405416 | D154: 58.26 | E154: 396168 | H154: 4 | I154: 40000 | J154: 4 | K154: 40000 | L154: 10 | M154: 100000 | N154: 10 | O154: 100000 | P154: 4 | Q154: 40000 | AD154: 38.87 | AE154: 388700
A155: 45937
R156: 3.27 | S156: 40000
A157: 45938
B158: 58.98 | C158: 401064 | H158: 4 | I158: 40000
A159: 45939
B160: 28.57 | C160: 400000 | H160: 10 | I160: 100000
A161: 45940 | N161: 10 | O161: 100000
B162: 59.82 | C162: 406776 | D162: 58.35 | E162: 396780 | H162: 10 | I162: 100000 | J162: 4 | K162: 40000 | L162: 10 | M162: 100000 | N162: 10 | O162: 100000 | P162: 4 | Q162: 40000 | Z162: 4 | AA162: 40000
A163: 45941
L164: 8.32 | M164: 83200
A165: 45942
D166: 57.93 | E166: 393924
...

Sheet SEPTEMBER 2025
A1: LAPORAN KONSUMSI BBM KENDARAAN DINAS PT PELINDO DAYA SEJAHTERA
A2: PERIODE AGUSTUS 2025
A3: SUGENG | V3: MAS WAFI
A4: TANGGAL | B4: HANTARAN OPERATOR ITV TPS | L4: OPERASIONAL KEBERSHAN TPS | V4: SAPU JALAN PERAK BARAT | X4: PENYIRAMAN PERAK | Z4: SAPU JALAN (SPMT) | AB4: KEBERSIHAN PERAK | AD4: GRAND TOTAL
B5: L 1941 OL (L 1873 SB) | D5: L 1941 OL (L 1873 SB) | F5: L 1536 MZ (L 1388 PC) | H5: L 1536 MZ (L 1388 PC) | J5: L 1838 ZB (L 1641 PA) | L5: L 8203 AF | N5: L 9910 BR | P5: L 9910 BR | R5: L 9034 BU | T5: L 9078 BU | V5: pertalite | W5: L 9662 NK | X5: pertamax | Y5: L 9964 NK | Z5: Solar | AA5: AE 8719 SQ/L 8393 LT | AB5: pertalite | AC5: L 8065 TR
B6: Pertalite | C6: Rp | D6: Pertamax | E6: Rp | F6: Pertalite | G6: Rp | H6: Pertamax | I6: Rp | J6: Pertalite | K6: Rp | L6: solar | M6: Rp | N6: solar | O6: Rp | P6: pertamax | Q6: Rp | R6: Pertamina Dex | S6: Rp | T6: Solar | U6: Rp | V6: Liter | W6: Rp | X6: Liter | Y6: Rp | Z6: Liter | AA6: Rp | AB6: Liter | AC6: Rp
A7: 45901 | B7: 33.8 | C7: 338000 | F7: 25.33 | G7: 253300 | J7: 26.18 | K7: 261800 | V7: 20 | W7: 200000 | X7: 20 | Y7: 244000
V8: 10 | W8: 100000
A11: 45902 | B11: 34.68 | C11: 346800 | F11: 29.83 | G11: 298300 | L11: 20 | M11: 136000 | P11: 20 | Q11: 244000 | V11: 10 | W11: 100000 | X11: 20 | Y11: 244000
A15: 45903 | B15: 26.19 | C15: 261900 | F15: 27.96 | G15: 279600 | J15: 18.52 | K15: 185200 | T15: 20 | U15: 136000 | V15: 20 | W15: 200000
A19: 45904 | B19: 30.16 | C19: 301600 | F19: 25.78 | G19: 257800 | L19: 20 | M19: 136000 | N19: 35.53 | O19: 241604 | P19: 20 | Q19: 244000 | T19: 45.71 | U19: 310840 | X19: 20 | Y19: 244000
A23: 45905 | B23: 30.49 | C23: 304900 | F23: 27.26 | G23: 272600
A27: 45906 | F27: 27.44 | G27: 274400 | J27: 25.11 | K27: 251100 | V27: 10 | W27: 100000
X28: 20 | Y28: 244000
A31: 45907 | B31: 37.01 | C31: 370100 | F31: 29.73 | G31: 297300
A35: 45908 | B35: 31.42 | C35: 314200 | F35: 21.03 | G35: 210300 | J35: 23.61 | K35: 236100 | V35: 20 | W35: 200000
A39: 45909 | B39: 32.23 | C39: 322300 | F39: 32.39 | G39: 323900 | N39: 42.9 | O39: 291720 | P39: 20 | Q39: 244000 | X39: 20 | Y39: 244000
A43: 45910 | B43: 32.77 | C43: 327700 | F43: 27 | G43: 270000 | J43: 15.72 | K43: 157200 | L43: 20 | M43: 136000 | V43: 10 | W43: 100000 | X43: 20 | Y43: 244000 | Z43: 30.14 | AA43: 204952
A47: 45911 | B47: 33.12 | C47: 331200 | F47: 29.83 | G47: 298300
A51: 45912 | B51: 32.71 | C51: 327110 | F51: 23.93 | G51: 239300 | P51: 20 | Q51: 244000 | T51: 60 | U51: 408000
A55: 45913 | B55: 29.41 | C55: 294100 | F55: 25.45 | G55: 254500 | J55: 25.27 | K55: 252700 | P55: 20 | Q55: 244000
A59: 45914 | B59: 32.5 | C59: 325000 | F59: 24.05 | G59: 240500
A63: 45915 | B63: 18.51 | C63: 185100 | F63: 28.05 | G63: 280500 | J63: 19.66 | K63: 196600 | L63: 20 | M63: 136000 | V63: 10 | W63: 100000 | X63: 20 | Y63: 244000
A67: 45916 | B67: 34.2 | C67: 342000 | F67: 25.6 | G67: 256000 | N67: 55.87 | O67: 379916 | P67: 20 | Q67: 244000
A71: 45917 | B71: 33 | C71: 330000 | F71: 33.34 | G71: 333400 | T71: 60 | U71: 408000 | V71: 20 | W71: 200000 | X71: 20 | Y71: 244000
A75: 45918 | B75: 32.65 | C75: 326500 | F75: 27.63 | G75: 276300 | X75: 20 | Y75: 244000
A79: 45919 | B79: 33.57 | C79: 335700 | F79: 25.51 | G79: 255100 | J79: 21.32 | K79: 213200 | V79: 20 | W79: 200000
V80: 9.91 | W80: 99100
A83: 45920 | B83: 15.38 | C83: 153800 | F83: 29.83 | G83: 298300 | L83: 58.06 | M83: 394808 | X83: 20 | Y83: 244000
A87: 45921 | B87: 45.09 | C87: 450900 | F87: 30.04 | G87: 300400
A91: 45922 | B91: 28.06 | C91: 280600 | F91: 29.33 | G91: 293300
A95: 45923 | B95: 32.96 | C95: 329600 | F95: 33.73 | G95: 337300 | P95: 20 | Q95: 244000 | T95: 52.19 | U95: 354892 | X95: 20 | Y95: 244000
A99: 45924 | B99: 28.74 | C99: 287400 | F99: 29.36 | G99: 293600 | J99: 26.12 | K99: 261200 | V99: 20 | W99: 200000
A103: 45925 | B103: 29.8 | C103: 298000 | F103: 30.75 | G103: 307500 | V103: 10 | W103: 100000 | X103: 20 | Y103: 244000
A107: 45926 | B107: 28.57 | C107: 285700 | F107: 27.62 | G107: 276200 | J107: 27.27 | K107: 272700 | P107: 20 | Q107: 244000 | Z107: 35.85 | AA107: 243780
A111: 45927 | B111: 26.35 | C111: 263500 | D111: 20 | E111: 244000 | F111: 29.48 | G111: 294800 | J111: 21.68 | K111: 216800 | T111: 39.05 | U111: 265540
A115: 45928 | B115: 29.32 | C115: 293200 | F115: 28.16 | G115: 281600
A119: 45929 | B119: 30.47 | C119: 304700 | F119: 23.29 | G119: 232900 | J119: 26.03 | K119: 260300 | N119: 59.15 | O119: 402220 | X119: 20 | Y119: 244000
A123: 45930 | B123: 32.68 | C123: 326800 | F123: 30.8 | G123: 308000 | J123: 19.44 | K123: 194400 | N123: 60 | O123: 408000 | P123: 20 | Q123: 244000 | T123: 32.65 | U123: 222020 | X123: 20 | Y123: 244000
A127: TOTAL | C127: =SUM(C7:C126) -> 8958410 | E127: =SUM(E7:E126) -> 244000 | G127: =SUM(G7:G126) -> 8395300 | I127: =SUM(I7:I126) -> 0 | K127: =SUM(K7:K126) -> 2959300 | M127: =SUM(M7:M126) -> 938808 | O127: =SUM(O7:O126) -> 1723460 | Q127: =SUM(Q7:Q126) -> 2196000 | S127: =SUM(S7:S126) -> 0 | U127: =SUM(U7:U126) -> 2105292 | W127: =SUM(W7:W126) -> 1899100 | Y127: =SUM(Y7:Y126) -> 3416000 | AA127: =SUM(AA7:AA126) -> 448732 | AC127: =SUM(AC7:AC126) -> 0 | AD127: =SUM(B127:AC127) -> 33284402
B128: =SUM(B7:B126) -> 895.84 | D128: =SUM(D7:D126) -> 20 | F128: =SUM(F7:F126) -> 839.53 | H128: 0 | J128: =SUM(J7:J126) -> 295.93 | L128: =SUM(L7:L126) -> 138.06 | N128: =SUM(N7:N126) -> 253.45 | P128: =SUM(P7:P126) -> 180 | R128: =SUM(R7:R126) -> 0 | T128: =SUM(T7:T126) -> 309.6 | V128: =SUM(V7:V126) -> 189.91 | X128: =SUM(X7:X126) -> 280 | Z128: =SUM(Z7:Z126) -> 65.99 | AB128: =SUM(AB7:AB126) -> 0 | AD128: =SUM(B128:AC128) -> 3468.31
A132: LAPORAN KONSUMSI BBM KENDARAAN DINAS PT PELINDO DAYA SEJAHTERA PERIODE SEPTEMBER 2025
A134: MAS RAJIP | X134: REGIONAL
A135: TANGGAL | B135: PORT SECURITY PERAK | H135: SEPEDA MOTOR OPS PORT SECURITY | X135: OPERASIONAL KANTOR PUSAT PTPDS | Z135: GRAND TOTAL
B136: L 9554 BW | D136: L 9560 BW | F136: L 9644 CM | H136: B 4940 TUD | J136: B 4498 TVA | L136: L 6552 ZZ (SPMT) | N136: L 6548 ZZ (SPMT) | P136: L 5198 PU | R136: L 5198 PU | T136: KB 4836 MT | V136: B 4834 MT (SPMT) | X136: B 2072 PZG
B137: Solar | C137: Rp | D137: Solar | E137: Rp | F137: Pert.Dex | G137: Rp | H137: pertalie | I137: Rp | J137: pertalie | K137: Rp | L137: pertalie | M137: Rp | N137: pertalite | O137: Rp | P137: pertalite | Q137: Rp | R137: pertamax | S137: Rp | T137: pertalite | U137: Rp | V137: pertalite | W137: Rp | X137: Liter | Y137: Rp
A139: 45901
A141: 45902 | B141: 59.29 | C141: 403172 | H141: 4 | I141: 40000 | J141: 4 | K141: 40000 | L141: 10 | M141: 100000 | N141: 10 | O141: 100000
B142: 58.77 | C142: 399636 | H142: 4 | I142: 40000 | L142: 10 | M142: 100000
A143: 45903
A145: 45904 | B145: 29.41 | C145: 200000 | X145: 38.4 | Y145: 384000
A147: 45905 | B147: 59.86 | C147: 407050 | D147: 58.35 | E147: 396780 | H147: 4 | I147: 40000 | J147: 4 | K147: 40000 | L147: 10 | M147: 100000 | N147: 10 | O147: 100000
H148: 10 | I148: 100000 | L148: 10 | M148: 100000
A149: 45906 | D149: 57.13 | E149: 388484 | L149: 10 | M149: 100000
A151: 45907 | H151: 4 | I151: 40000
A153: 45908 | B153: 58.79 | C153: 399772 | D153: 59.19 | E153: 402492 | H153: 4 | I153: 40000 | J153: 4 | K153: 40000 | L153: 10 | M153: 100000 | N153: 10 | O153: 100000
H154: 4 | I154: 40000 | L154: 10 | M154: 100000
A155: 45909 | N155: 10 | O155: 100000
A157: 45910
A159: 45911 | B159: 58.29 | C159: 396372 | D159: 59.87 | E159: 407116 | H159: 4 | I159: 40000 | J159: 4 | K159: 40000 | L159: 10 | M159: 100000 | N159: 10 | O159: 100000 | P159: 4 | Q159: 40000
B160: 55.23 | C160: 375564 | L160: 10 | M160: 100000
A161: 45912 | H161: 4 | I161: 40000
A163: 45913 | D163: 58.64 | E163: 398750 | L163: 10 | M163: 100000
A165: 45914 | B165: 59.26 | C165: 402968 | H165: 4 | I165: 40000 | J165: 4 | K165: 40000 | L165: 10 | M165: 100000 | N165: 10 | O165: 100000
L166: 10 | M166: 100000
A167: 45915 | B167: 58.68 | C167: 399024 | D167: 56.94 | E167: 387192 | H167: 4 | I167: 40000 | J167: 4 | K167: 40000 | L167: 10 | M167: 100000 | N167: 10 | O167: 100000 | P167: 4 | Q167: 40000 | T167: 4 | U167: 40000
L168: 10 | M168: 100000
A169: 45916
A171: 45917 | B171: 58.88 | C171: 400384 | D171: 59.49 | E171: 404532 | H171: 4 | I171: 40000 | J171: 4 | K171: 40000 | L171: 10 | M171: 100000 | N171: 10 | O171: 100000 | P171: 4 | Q171: 40000 | T171: 4 | U171: 40000
L172: 10 | M172: 100000
A173: 45918
A175: 45919 | B175: 46.52 | C175: 316336 | D175: 45.32 | E175: 308176 | H175: 4 | I175: 40000 | J175: 4 | K175: 40000 | L175: 10 | M175: 100000 | N175: 10 | O175: 100000 | P175: 4 | Q175: 40000
L176: 10 | M176: 100000
A177: 45920 | L177: 10 | M177: 100000
A179: 45921 | H179: 4 | I179: 40000 | L179: 10 | M179: 100000
A181: 45922 | B181: 59.42 | C181: 404056 | D181: 58.89 | E181: 400452 | H181: 4 | I181: 40000 | J181: 4 | K181: 40000 | L181: 10 | M181: 100000 | N181: 10 | O181: 100000 | P181: 4 | Q181: 40000
N182: 10 | O182: 100000
A183: 45923
A185: 45924 | B185: 59.15 | C185: 402220 | D185: 58.27 | E185: 396236 | H185: 4 | I185: 40000 | J185: 4 | K185: 40000 | L185: 10 | M185: 100000 | N185: 10 | O185: 100000 | P185: 4 | Q185: 40000
N186: 10 | O186: 100000
A187: 45925
A189: 45926 | B189: 59.68 | C189: 405824 | H189: 4 | I189: 40000 | J189: 4 | K189: 40000 | L189: 10 | M189: 100000 | N189: 10 | O189: 100000 | P189: 4 | Q189: 40000 | T189: 4 | U189: 40000
N190: 10 | O190: 100000
A191: 45927 | F191: 28.88 | G191: 400000 | H191: 4 | I191: 40000
A193: 45928
A195: 45929 | D195: 58.56 | E195: 398208 | H195: 4 | I195: 40000 | J195: 4 | K195: 40000 | L195: 10 | M195: 100000 | N195: 10 | O195: 100000 | P195: 4 | Q195: 40000 | T195: 10 | U195: 100000 | X195: 35.87 | Y195: 358700
N196: 10 | O196: 100000
A197: 45930 | B197: 58.53 | C197: 398004
AB198: =SUM('SEPTEMBER 2025'!Z200+'SEPTEMBER 2025'!AD128) -> 5635.87
A199: TOTAL | C199: =SUM(C139:C198) -> 5710382 | E199: =SUM(E138:E198) -> 4288418 | G199: =SUM(G138:G198) -> 400000 | I199: =SUM(I139:I198) -> 820000 | K199: =SUM(K138:K198) -> 480000 | M199: =SUM(M139:M198) -> 2400000 | O199: =SUM(O139:O198) -> 1700000 | Q199: =SUM(Q139:Q198) -> 320000 | S199: =SUM(S139:S198) -> 0 | U199: =SUM(U139:U198) -> 220000 | W199: =SUM(W138:W198) -> 0 | Y199: =SUM(Y139:Y198) -> 742700 | Z199: =SUM(B199:Y199) -> 17081500
B200: =SUM(B139:B198) -> 839.76 | D200: =SUM(D139:D198) -> 630.65 | F200: =SUM(F138:F198) -> 28.88 | H200: =SUM(H138:H198) -> 82 | J200: =SUM(J138:J198) -> 48 | L200: =SUM(L138:L198) -> 240 | N200: =SUM(N138:N198) -> 170 | P200: =SUM(P138:P198) -> 32 | R200: 0 | T200: =SUM(T138:T199) -> 22 | V200: =SUM(V138:V198) -> 0 | X200: =SUM(X138:X198) -> 74.27 | Z200: =SUM(B200:Y200) -> 2167.56
Z201: =Z199+AD127 -> 50365902
A202: Terbilang: | B202: Lima puluh juta tiga ratus tujuh puluh lima ribu sembilan ratus dua rupiah
N203: =M199+O199+W199 -> 4100000 | Q203: REGOINAL MANAGER JAWA | AA203: 50625602
B204: =B200*6800 -> 5710368 | C204: =B204+D204 -> 9998788 | D204: =D200*6800 -> 4288420 | H204: =H200+J200+P200 -> 162 | J204: =L200+N200+V200 -> 410 | N204: =L200+N200+V200 -> 410 | AA204: =Z201-AA203 -> -259700
B205: =C199-B204 -> 14 | D205: =E199-D204 -> -2 | H205: =H204*10000 -> 1620000 | J205: =J204*10000 -> 4100000
Q208: MAHAR BAGUS UTOMO
Y210: 41497072 | Z210: =Y210-Z201 -> -8868830 | AF210: =Z201-AF214 -> 671432
C211: Hantaran | E211: Keb TPS | G211: Keb Taman Perak | I211: Security | M211: Ops Kantor | O211: Grand Total
C212: Liter | D212: Rp | E212: Liter | F212: Rp | G212: Liter | H212: Rp | I212: Liter | L212: Rp | M212: Liter | N212: Rp | O212: Liter | P212: Rp
...

Sheet AGUSTUS 2025
A1: LAPORAN KONSUMSI BBM KENDARAAN DINAS PT PELINDO DAYA SEJAHTERA
A2: PERIODE AGUSTUS 2025
A3: SUGENG | V3: MAS WAFI
A4: TANGGAL | B4: HANTARAN OPERATOR ITV TPS | L4: OPERASIONAL KEBERSHAN TPS | V4: SAPU JALAN PERAK BARAT | X4: PENYIRAMAN PERAK | Z4: SAPU JALAN (SPMT) | AB4: KEBERSIHAN PERAK | AD4: GRAND TOTAL
B5: L 1941 OL (L 1873 SB) | D5: L 1941 OL (L 1873 SB) | F5: L 1536 MZ (L 1388 PC) | H5: L 1536 MZ (L 1388 PC) | J5: L 1838 ZB (L 1641 PA) | L5: L 8203 AF | N5: L 9910 BR | P5: L 9910 BR | R5: L 9034 BU | T5: L 9078 BU | V5: pertalite | W5: L 9662 NK | X5: pertamax | Y5: L 9964 NK | Z5: Solar | AA5: AE 8719 SQ/L 8393 LT | AB5: pertalite | AC5: L 8065 TR
B6: Pertalite | C6: Rp | D6: Pertamax | E6: Rp | F6: Pertalite | G6: Rp | H6: Pertamax | I6: Rp | J6: Pertalite | K6: Rp | L6: solar | M6: Rp | N6: solar | O6: Rp | P6: pertamax | Q6: Rp | R6: Pertamina Dex | S6: Rp | T6: Solar | U6: Rp | V6: Liter | W6: Rp | X6: Liter | Y6: Rp | Z6: Liter | AA6: Rp | AB6: Liter | AC6: Rp
A7: 45870 | B7: 31.59 | C7: 315900 | F7: 21.48 | G7: 214800 | J7: 21.63 | K7: 216300 | V7: 20 | W7: 200000 | X7: 20 | Y7: 244000
A11: 45871 | B11: 24.58 | C11: 245800 | F11: 23.52 | G11: 235200 | P11: 20 | Q11: 244000 | T11: 57.95 | U11: 394060 | V11: 10 | W11: 100000
A15: 45872 | B15: 27.37 | C15: 273700 | F15: 27.16 | G15: 271600 | J15: 12.08 | K15: 120800 | L15: 20 | M15: 136000
A19: 45873 | B19: 30.23 | C19: 302300 | F19: 29.74 | G19: 297400 | N19: 60 | O19: 408000 | V19: 20 | W19: 200000 | X19: 20 | Y19: 244000
A23: 45874 | P23: 20 | Q23: 244000
B24: 31.65 | C24: 316500 | F24: 29.81 | G24: 298100
A27: 45875 | B27: 25.28 | C27: 252800 | F27: 26.43 | G27: 264300 | J27: 26.53 | K27: 265300 | X27: 20 | Y27: 244000
A31: 45876 | B31: 33.09 | C31: 330900 | F31: 25.32 | G31: 253200
A35: 45877 | B35: 31.35 | C35: 313500 | F35: 28.19 | G35: 281900 | J35: 14.05 | K35: 140500 | L35: 20 | M35: 136000 | V35: 10 | W35: 100000
A39: 45878 | B39: 30.32 | C39: 303200 | F39: 27.66 | G39: 276600 | P39: 20 | Q39: 244000 | T39: 56.3 | U39: 382840
A43: 45879 | B43: 39.26 | C43: 392600 | F43: 38.81 | G43: 388100
A47: 45880 | B47: 23.91 | C47: 239100 | F47: 14.05 | G47: 140500 | J47: 23.64 | K47: 236400 | V47: 20 | W47: 200000 | X47: 20 | Y47: 244000 | Z47: 33.66 | AA47: 228890
A51: 45881 | B51: 34 | C51: 340000 | F51: 29 | G51: 290000 | P51: 20 | Q51: 244000
A55: 45882 | B55: 29.94 | C55: 299400 | F55: 29.68 | G55: 296800 | J55: 18.51 | K55: 185100 | L55: 20 | M55: 136000 | N55: 60 | O55: 408000
A59: 45883 | B59: 29 | C59: 290000 | F59: 33.71 | G59: 337100 | T59: 60 | U59: 408000 | V59: 10 | W59: 100000 | X59: 20 | Y59: 244000
A63: 45884 | B63: 27.96 | C63: 279600 | F63: 26.26 | G63: 262600 | X63: 20 | Y63: 244000
A67: 45885 | B67: 32.83 | C67: 328300 | F67: 27.5 | G67: 275000 | J67: 23.28 | K67: 232800 | P67: 20 | Q67: 244000
A71: 45886 | B71: 29.88 | C71: 298800 | F71: 22.17 | G71: 221700
A75: 45887 | F75: 28.37 | G75: 283700 | L75: 57.89 | M75: 393650
V77: 20 | W77: 200000
A79: 45888 | B79: 29.85 | C79: 298500 | F79: 24.95 | G79: 249500 | J79: 19.74 | K79: 197400 | V79: 25 | W79: 250000 | X79: 20 | Y79: 244000
B80: 36.23 | C80: 362300
A83: 45889 | B83: 33.23 | C83: 332300 | F83: 29.55 | G83: 295500 | T83: 60 | U83: 408000 | V83: 10 | W83: 100000
A87: 45890 | B87: 29.65 | C87: 296500 | D87: 20 | E87: 244000 | F87: 29.45 | G87: 294500 | J87: 21.7 | K87: 217000
A91: 45891 | B91: 30.21 | C91: 302100 | F91: 32.92 | G91: 329200 | J91: 16.27 | K91: 162700 | N91: 60 | O91: 408000 | P91: 20 | Q91: 244000
A95: 45892 | B95: 29.88 | C95: 298800 | F95: 27.82 | G95: 278200 | X95: 20 | Y95: 244000
A99: 45893 | B99: 39.1 | C99: 391000 | F99: 29.58 | G99: 295800 | T99: 20 | U99: 136000
A103: 45894 | B103: 32.98 | C103: 329800 | F103: 21.62 | G103: 216200 | J103: 20.1 | K103: 201000 | V103: 20 | W103: 200000
A107: 45895 | V107: 10 | W107: 100000
B110: 29.61 | C110: 296100 | F110: 24.2 | G110: 242000 | N110: 55.68 | O110: 378624 | P110: 20 | Q110: 244000
A111: 45896
B114: 27.78 | C114: 277800 | F114: 30.88 | G114: 308800 | X114: 20 | Y114: 244000
A115: 45897 | Z115: 35.34 | AA115: 240312
B118: 32.44 | C118: 324400 | F118: 23.98 | G118: 239800 | J118: 29.23 | K118: 292300 | L118: 20 | M118: 136000
A119: 45898 | F119: 29.04 | G119: 290400 | J119: 15.44 | K119: 154400 | X119: 20 | Y119: 244000
B122: 29.91 | C122: 299100 | T122: 60 | U122: 408000
A123: 45899
B126: 32.03 | C126: 320300 | F126: 25.89 | G126: 258900 | P126: 20 | Q126: 244000
A127: 45900 | B127: 26.3 | C127: 263000 | F127: 29.81 | G127: 298100
A131: TOTAL | C131: =SUM(C7:C130) -> 9514400 | E131: =SUM(E7:E130) -> 244000 | G131: =SUM(G7:G130) -> 8485500 | I131: =SUM(I7:I130) -> 0 | K131: =SUM(K7:K130) -> 2622000 | M131: =SUM(M7:M130) -> 937650 | O131: =SUM(O7:O130) -> 1602624 | Q131: =SUM(Q7:Q130) -> 1952000 | S131: =SUM(S7:S130) -> 0 | U131: =SUM(U7:U130) -> 2136900 | W131: =SUM(W7:W130) -> 1750000 | Y131: =SUM(Y7:Y130) -> 2440000 | AA131: =SUM(AA7:AA130) -> 469202 | AC131: =SUM(AC7:AC130) -> 0 | AD131: =SUM(B131:AC131) -> 32154276
B132: =SUM(B7:B130) -> 951.44 | D132: =SUM(D7:D130) -> 20 | F132: =SUM(F7:F130) -> 848.55 | H132: 0 | J132: =SUM(J7:J130) -> 262.2 | L132: =SUM(L7:L130) -> 137.89 | N132: =SUM(N7:N130) -> 235.68 | P132: =SUM(P7:P130) -> 160 | R132: =SUM(R7:R130) -> 0 | T132: =SUM(T7:T130) -> 314.25 | V132: =SUM(V7:V130) -> 175 | X132: =SUM(X7:X130) -> 200 | Z132: =SUM(Z7:Z130) -> 69 | AB132: =SUM(AB7:AB130) -> 0 | AD132: 3283
A136: LAPORAN KONSUMSI BBM KENDARAAN DINAS PT PELINDO DAYA SEJAHTERA PERIODE AGUSTUS 2025
A138: MAS RAJIP | X138: REGIONAL
A139: TANGGAL | B139: PORT SECURITY PERAK | H139: SEPEDA MOTOR OPS PORT SECURITY | X139: OPERASIONAL KANTOR PUSAT PTPDS | Z139: GRAND TOTAL
B140: L 9554 BW | D140: L 9560 BW | F140: L 9644 CM | H140: B 4940 TUD | J140: B 4498 TVA | L140: L 6552 ZZ (SPMT) | N140: L 6548 ZZ (SPMT) | P140: L 5198 PU | R140: L 5198 PU | T140: KB 4836 MT | V140: B 4834 MT (SPMT) | X140: B 2072 PZG
B141: Solar | C141: Rp | D141: Solar | E141: Rp | F141: Pert.Dex | G141: Rp | H141: pertalie | I141: Rp | J141: pertalie | K141: Rp | L141: pertalie | M141: Rp | N141: pertalite | O141: Rp | P141: pertalite | Q141: Rp | R141: pertamax | S141: Rp | T141: pertalite | U141: Rp | V141: pertalite | W141: Rp | X141: Liter | Y141: Rp
A143: 45870 | L143: 10 | M143: 100000 | N143: 10 | O143: 100000
L144: 10 | M144: 100000
A145: 45871 | B145: 59.68 | C145: 405824 | D145: 58.99 | E145: 401132 | N145: 10 | O145: 100000
A147: 45872 | L147: 10 | M147: 100000 | N147: 10 | O147: 100000
A149: 45873 | B149: 58.12 | C149: 395216 | D149: 59.27 | E149: 403036 | L149: 10 | M149: 100000 | N149: 10 | O149: 100000
L150: 10 | M150: 100000
A151: 45874 | B151: 58.19 | C151: 395692 | D151: 59.28 | E151: 403104 | L151: 10 | M151: 100000 | N151: 10 | O151: 100000
L152: 10 | M152: 100000
A153: 45875 | X153: 37.66 | Y153: 376600
A155: 45876 | D155: 59.87 | E155: 407116 | L155: 10 | M155: 100000 | N155: 10 | O155: 100000
L156: 10 | M156: 100000
A157: 45877
A159: 45878 | B159: 60 | C159: 408000
A161: 45879
A163: 45880 | B163: 58.15 | C163: 395420 | L163: 10 | M163: 100000 | N163: 10 | O163: 100000
L164: 10 | M164: 100000
A165: 45881 | L165: 10 | M165: 100000
A167: 45882 | B167: 59.48 | C167: 404464 | L167: 10 | M167: 100000 | N167: 10 | O167: 100000
L168: 10 | M168: 100000
A169: 45883 | D169: 58.03 | E169: 394604 | X169: 30 | Y169: 300000
A171: 45884 | D171: 59.8 | E171: 406640 | H171: 10 | I171: 100000 | J171: 10 | K171: 100000 | L171: 10 | M171: 100000 | N171: 10 | O171: 100000
H172: 10 | I172: 100000 | L172: 10 | M172: 100000
A173: 45885 | L173: 10 | M173: 100000 | N173: 9.56 | O173: 95600
A175: 45886 | B175: 55.46 | C175: 377128
A177: 45887
A179: 45888 | B179: 58.4 | C179: 397120 | D179: 59.6 | E179: 405280 | H179: 4 | I179: 40000 | J179: 4 | K179: 40000 | L179: 10 | M179: 100000 | N179: 10 | O179: 100000
H180: 4 | I180: 40000 | L180: 10 | M180: 100000
A181: 45889 | V181: 9 | W181: 90000 | X181: 37.62 | Y181: 376200
A183: 45890 | B183: 59.76 | C183: 406368 | D183: 45.12 | E183: 306816 | H183: 4 | I183: 40000 | J183: 4 | K183: 40000 | L183: 10 | M183: 100000 | N183: 10 | O183: 100000
H184: 4 | I184: 40000 | L184: 10 | M184: 100000
A185: 45891 | B185: 58.46 | C185: 397528 | D185: 59.38 | E185: 403790 | H185: 4 | I185: 40000 | J185: 4 | K185: 40000 | L185: 10 | M185: 100000 | N185: 10 | O185: 100000
H186: 4 | I186: 40000 | L186: 10 | M186: 100000
A187: 45892 | D187: 58.79 | E187: 399772
A189: 45893 | H189: 10 | I189: 100000
J190: 4 | K190: 40000
A191: 45894 | L191: 10 | M191: 100000 | N191: 10 | O191: 100000 | P191: 4 | Q191: 40000
B192: 58.7 | C192: 399160 | D192: 59.4 | E192: 403920 | J192: 4 | K192: 40000 | L192: 10 | M192: 100000
A193: 45895 | X193: 35.34 | Y193: 353400
A195: 45896 | D195: 48.07 | E195: 326940 | L195: 10 | M195: 100000
B196: 59.42 | C196: 404060
A197: 45897 | D197: 58.8 | E197: 399840 | H197: 10 | I197: 100000 | L197: 10 | M197: 100000 | N197: 10 | O197: 100000
B198: 59.6 | C198: 405280 | H198: 4 | I198: 40000 | L198: 10 | M198: 100000
A199: 45898 | H199: 4 | I199: 40000
H200: 4 | I200: 40000
A201: 45899 | B201: 59.68 | C201: 405824 | D201: 58.89 | E201: 400452 | H201: 4 | I201: 40000 | J201: 4 | K201: 40000 | L201: 10 | M201: 100000 | N201: 10 | O201: 100000
J202: 4 | K202: 40000 | L202: 10 | M202: 100000
A203: 45900 | V203: 10 | W203: 100000 | AD203: =SUM(Z206+AD132) -> 5712
A205: TOTAL | C205: =SUM(C143:C204) -> 5597084 | E205: =SUM(E142:E204) -> 5462442 | G205: =SUM(G142:G204) -> 0 | I205: =SUM(I143:I204) -> 800000 | K205: =SUM(K142:K204) -> 380000 | M205: =SUM(M143:M204) -> 3000000 | O205: =SUM(O143:O204) -> 1595600 | Q205: =SUM(Q143:Q204) -> 40000 | S205: =SUM(S143:S204) -> 0 | U205: =SUM(U143:U204) -> 0 | W205: =SUM(W142:W204) -> 190000 | Y205: =SUM(Y143:Y204) -> 1406200 | Z205: =SUM(B205:Y205) -> 18471326
...

Sheet JULI 2025
A1: LAPORAN KONSUMSI BBM KENDARAAN DINAS PT PELINDO DAYA SEJAHTERA
A2: PERIODE JULI 2025
A3: SUGENG | V3: MAS WAFI
A4: TANGGAL | B4: HANTARAN OPERATOR ITV TPS | L4: OPERASIONAL KEBERSHAN TPS | V4: SAPU JALAN PERAK BARAT | X4: PENYIRAMAN PERAK | Z4: SAPU JALAN (SPMT) | AB4: KEBERSIHAN PERAK | AD4: GRAND TOTAL
B5: L 1941 OL (L 1873 SB) | D5: L 1941 OL (L 1873 SB) | F5: L 1536 MZ (L 1388 PC) | H5: L 1536 MZ (L 1388 PC) | J5: L 1838 ZB (L 1641 PA) | L5: L 8203 AF | N5: L 9910 BR | P5: L 9910 BR | R5: L 9034 BU | T5: L 9078 BU | V5: pertalite | W5: L 9662 NK | X5: pertamax | Y5: L 9964 NK | Z5: Solar | AA5: AE 8719 SQ/L 8393 LT | AB5: pertalite | AC5: L 8065 TR
B6: Pertalite | C6: Rp | D6: Pertamax | E6: Rp | F6: Pertalite | G6: Rp | H6: Pertamax | I6: Rp | J6: Pertalite | K6: Rp | L6: solar | M6: Rp | N6: solar | O6: Rp | P6: pertamax | Q6: Rp | R6: Pertamina Dex | S6: Rp | T6: Solar | U6: Rp | V6: Liter | W6: Rp | X6: Liter | Y6: Rp | Z6: Liter | AA6: Rp | AB6: Liter | AC6: Rp
A7: 45839 | B7: 28.14 | C7: 281400 | F7: 31.9 | G7: 319000 | J7: 23.48 | K7: 234800 | P7: 20 | Q7: 250000 | X7: 20 | Y7: 250000
A11: 45840 | B11: 30.22 | C11: 302200 | J11: 14.18 | K11: 141800 | V11: 20 | W11: 200000 | X11: 20 | Y11: 250000
A15: 45841 | B15: 30.41 | C15: 304100 | F15: 32.64 | G15: 326400 | J15: 16.71 | K15: 167100 | P15: 21.6 | Q15: 270000
A19: 45842 | B19: 27.63 | C19: 276300 | F19: 32.42 | G19: 324200 | J19: 13.3 | K19: 133000 | X19: 20 | Y19: 250000
A23: 45843 | B23: 27.49 | C23: 279900 | F23: 25.67 | G23: 256700 | J23: 12 | K23: 120000 | N23: 60 | O23: 408000 | P23: 20 | Q23: 250000 | X23: 20 | Y23: 250000
A27: 45844 | B27: 26.73 | C27: 267300 | F27: 27.89 | G27: 278900 | J27: 19.11 | K27: 191100
A31: 45845 | B31: 38.69 | C31: 386900 | F31: 28.26 | G31: 282600 | J31: 12.6 | K31: 126000 | T31: 60 | U31: 408000 | AB31: 20 | AC31: 200000
A35: 45846 | F35: 26.64 | G35: 266400 | J35: 25.91 | K35: 259100 | P35: 20 | Q35: 250000 | V35: 20 | W35: 200000 | X35: 20 | Y35: 250000
A39: 45847 | B39: 32.58 | C39: 325800 | F39: 27.3 | G39: 273000 | J39: 15.2 | K39: 152000 | L39: 20 | M39: 136000 | X39: 20 | Y39: 250000 | Z39: 36.76 | AA39: 250000
A43: 45848 | B43: 28.2 | C43: 282000
B44: 27.21 | C44: 272100
A47: 45849 | B47: 29.62 | C47: 296200 | F47: 26.52 | G47: 265200 | J47: 27.26 | K47: 272600 | N47: 60 | O47: 408000 | P47: 20 | Q47: 250000 | T47: 49.49 | U47: 336532
A51: 45850 | B51: 24.66 | C51: 246600 | F51: 26.2 | G51: 262000 | V51: 10 | W51: 100000 | X51: 20 | Y51: 250000
A55: 45851 | B55: 33.54 | C55: 335400 | F55: 29.78 | G55: 297800 | J55: 29.71 | K55: 297100 | L55: 20 | M55: 136000
A59: 45852 | B59: 28.05 | C59: 280500 | F59: 27.75 | G59: 277500 | J59: 17.6 | K59: 176000 | P59: 20 | Q59: 250000 | V59: 20 | W59: 200000 | X59: 20 | Y59: 250000
A63: 45853 | B63: 22.41 | C63: 224100 | F63: 27.21 | G63: 272100
A67: 45854 | B67: 31.77 | C67: 317700 | H67: 24.56 | I67: 245600 | J67: 24.97 | K67: 249700 | X67: 20 | Y67: 250000
A71: 45855 | B71: 18.76 | C71: 187600 | F71: 29.71 | G71: 297100 | J71: 34.62 | K71: 346200 | V71: 25 | W71: 250000
A75: 45856 | B75: 39.04 | C75: 390400 | F75: 26.88 | G75: 268800 | J75: 17.1 | K75: 171000 | L75: 20 | M75: 136000 | V75: 39.87 | W75: 398700 | X75: 20 | Y75: 250000
A79: 45857 | B79: 22 | C79: 220000 | F79: 28.63 | G79: 286300 | J79: 27.22 | K79: 272200 | V79: 9.1 | W79: 91000 | X79: 20 | Y79: 250000
A83: 45858 | B83: 19.55 | C83: 195500 | F83: 25.54 | G83: 255400 | J83: 24.05 | K83: 240500 | P83: 20 | Q83: 250000
A87: 45859 | B87: 27.38 | C87: 273800 | F87: 27.6 | G87: 276000 | J87: 19.51 | K87: 195100 | N87: 56.91 | O87: 386988 | P87: 20 | Q87: 250000 | T87: 60 | U87: 408000 | AB87: 20 | AC87: 200000
A91: 45860 | B91: 21.03 | C91: 210300 | F91: 28.04 | G91: 280400 | J91: 22.02 | K91: 220200 | X91: 20 | Y91: 250000
A95: 45861 | B95: 22.9 | C95: 229000 | F95: 23.61 | G95: 236100 | J95: 25.99 | K95: 259900 | L95: 20 | M95: 136000 | X95: 20 | Y95: 250000
A99: 45862 | B99: 31.38 | C99: 313800 | F99: 27.21 | G99: 272100 | Z99: 32.71 | AA99: 222428
A103: 45863 | B103: 18.14 | C103: 181400 | F103: 23.46 | G103: 234600 | J103: 34.02 | K103: 340200 | P103: 20 | Q103: 250000 | X103: 20 | Y103: 250000
A107: 45864 | B107: 22.95 | C107: 229500 | F107: 28.3 | G107: 283000 | J107: 19.67 | K107: 196700 | AB107: 9 | AC107: 90000
A111: 45865 | B111: 22.77 | C111: 227700 | F111: 29.97 | G111: 299700 | J111: 16.61 | K111: 166100
F112: 27.88 | G112: 278800
A115: 45866 | B115: 29.18 | C115: 291800 | F115: 30.82 | G115: 308200 | L115: 20 | M115: 136000 | P115: 20 | Q115: 250000 | T115: 58.25 | U115: 396100 | X115: 20 | Y115: 250000
A119: 45867 | B119: 24.71 | C119: 247100 | X119: 20 | Y119: 250000 | AB119: 20 | AC119: 200000
A123: 45868 | B123: 21.98 | C123: 219800 | F123: 23.69 | G123: 236900 | J123: 14.35 | K123: 143500 | N123: 58.52 | O123: 397940 | X123: 20 | Y123: 250000
A127: 45869 | B127: 25.41 | C127: 254100 | F127: 24.61 | G127: 246100
A131: TOTAL | C131: =SUM(C7:C130) -> 8350300 | E131: =SUM(E7:E130) -> 0 | G131: =SUM(G7:G130) -> 7761300 | I131: =SUM(I7:I130) -> 245600 | K131: =SUM(K7:K130) -> 5071900 | M131: =SUM(M7:M130) -> 680000 | O131: =SUM(O7:O130) -> 1600928 | Q131: =SUM(Q7:Q130) -> 2520000 | S131: =SUM(S7:S130) -> 0 | U131: =SUM(U7:U130) -> 1548632 | W131: =SUM(W7:W130) -> 1439700 | Y131: =SUM(Y7:Y130) -> 4250000 | AA131: =SUM(AA7:AA130) -> 472428 | AC131: =SUM(AC7:AC130) -> 690000 | AD131: =SUM(B131:AC131) -> 34630788
B132: =SUM(B7:B130) -> 834.53 | D132: =SUM(D7:D130) -> 0 | F132: =SUM(F7:F131) -> 776.13 | H132: =SUM(H7:H130) -> 24.56 | J132: =SUM(J7:J131) -> 507.19 | L132: =SUM(L7:L131) -> 100 | N132: =SUM(N7:N131) -> 235.43 | P132: =SUM(P7:P131) -> 201.6 | R132: =SUM(R7:R131) -> 0 | T132: =SUM(T7:T131) -> 227.74 | V132: =SUM(V7:V131) -> 143.97 | X132: =SUM(X7:X131) -> 340 | Z132: =SUM(Z7:Z131) -> 69.47 | AB132: =SUM(AB6:AB131) -> 69 | AD132: =SUM(B132:AC132) -> 3529.62
A136: LAPORAN KONSUMSI BBM KENDARAAN DINAS PT PELINDO DAYA SEJAHTERA PERIODE JULI 2025
A138: MAS RAJIP | X138: REGIONAL
A139: TANGGAL | B139: PORT SECURITY PERAK | H139: SEPEDA MOTOR OPS PORT SECURITY | X139: OPERASIONAL KANTOR PUSAT PTPDS | Z139: GRAND TOTAL
B140: L 9554 BW | D140: L 9560 BW | F140: L 9644 CM | H140: B 4940 TUD | J140: B 4498 TVA | L140: L 6552 ZZ (SPMT) | N140: L 6548 ZZ (SPMT) | P140: L 5198 PU | R140: L 5198 PU | T140: KB 4836 MT | V140: B 4834 MT (SPMT) | X140: B 2072 PZG
B141: Solar | C141: Rp | D141: Solar | E141: Rp | F141: Pert.Dex | G141: Rp | H141: pertalie | I141: Rp | J141: pertalie | K141: Rp | L141: pertalie | M141: Rp | N141: pertalite | O141: Rp | P141: pertalite | Q141: Rp | R141: pertamax | S141: Rp | T141: pertalite | U141: Rp | V141: pertalite | W141: Rp | X141: Liter | Y141: Rp
A143: 45839 | B143: 59,38 | C143: 403784 | D143: 58.96 | E143: 400928 | H143: 10 | I143: 100000 | L143: 10 | M143: 100000 | N143: 10 | O143: 100000 | V143: 10 | W143: 100000
L144: 10 | M144: 100000
A145: 45840 | F145: 33.84 | G145: 338400
A147: 45841 | D147: 56.42 | E147: 383656 | L147: 20 | M147: 136000
A149: 45842 | B149: 53.5 | C149: 730280 | V149: 10 | W149: 100000
A151: 45843 | B151: 58.15 | C151: 395420 | D151: 59.36 | E151: 403648 | L151: 10 | M151: 100000 | N151: 10 | O151: 100000 | V151: 10 | W151: 100000
L152: 10 | M152: 100000
A153: 45844
A155: 45845 | B155: 58.19 | C155: 395692 | D155: 59.34 | E155: 403512 | H155: 10 | I155: 100000 | L155: 10 | M155: 100000 | N155: 10 | O155: 100000 | V155: 10 | W155: 100000
L156: 9.97 | M156: 98700 | N156: 10 | O156: 100000
A157: 45846
B158: 59.63 | C158: 405484
A159: 45847 | D159: 58.15 | E159: 395420 | H159: 10 | I159: 100000 | L159: 10 | M159: 100000 | N159: 10 | O159: 100000
A161: 45848 | H161: 28.43 | I161: 284300 | X161: 20 | Y161: 250000
A163: 45849 | B163: 58.47 | C163: 397596 | D163: 59.7 | E163: 405960 | H163: 10 | I163: 100000 | L163: 10 | M163: 100000 | N163: 10 | O163: 100000
D164: 58.95 | E164: 400860
A165: 45850
A167: 45851 | B167: 43.54 | C167: 296110
A169: 45852 | B169: 59.84 | C169: 406912 | D169: 58.29 | E169: 396372 | L169: 10 | M169: 100000 | N169: 10 | O169: 100000
L170: 10 | M170: 100000
A171: 45853
A173: 45854 | L173: 10 | M173: 100000 | N173: 10 | O173: 100000
L174: 10 | M174: 100000
A175: 45855 | B175: 58.12 | C175: 395216 | D175: 59.68 | E175: 405824 | L175: 9.68 | M175: 96800
B176: 53.99 | C176: 367132
A177: 45856
A179: 45857 | B179: 58.19 | C179: 395692 | D179: 59.06 | E179: 401600 | L179: 10 | M179: 100000 | N179: 10 | O179: 100000
L180: 10 | M180: 100000
A181: 45858
A183: 45859 | B183: 38.81 | C183: 263908 | D183: 59.85 | E183: 406980 | L183: 10 | M183: 100000 | N183: 10 | O183: 100000
L184: 10 | M184: 100000
A185: 45860 | B185: 59.77 | C185: 406436
A187: 45861
A189: 45862 | B189: 57.16 | C189: 388688 | L189: 10 | M189: 100000
A191: 45863 | B191: 59.63 | C191: 405484 | D191: 58.92 | E191: 400656 | L191: 10 | M191: 100000 | N191: 10 | O191: 100000 | X191: 28.63 | Y191: 286300
L192: 10 | M192: 100000 | N192: 10 | O192: 100000
A193: 45864
A195: 45865 | B195: 29.41 | C195: 200000 | L195: 10 | M195: 100000 | N195: 10 | O195: 100000
L196: 10 | M196: 100000
A197: 45866 | B197: 58.29 | C197: 396372 | D197: 59.38 | E197: 403784
A199: 45867 | B199: 40.37 | C199: 274520 | D199: 47.15 | E199: 320620 | J199: 22.47 | K199: 224700 | L199: 10 | M199: 100000 | N199: 10 | O199: 100000 | X199: 34.07 | Y199: 340700
L200: 10 | M200: 100000
A201: 45868 | B201: 59.6 | C201: 405280 | D201: 58.9 | E201: 400520
A203: 45869 | H203: 10 | I203: 100000 | N203: 0.41666667 | O203: 100000
H204: 10 | I204: 10000
A205: TOTAL | C205: =SUM(C143:C204) -> 7330006 | E205: =SUM(E142:E204) -> 5930340 | G205: =SUM(G142:G204) -> 338400 | I205: =SUM(I143:I204) -> 794300 | K205: =SUM(K142:K204) -> 224700 | M205: =SUM(M143:M204) -> 2531500 | O205: =SUM(O143:O204) -> 1500000 | Q205: =SUM(Q143:Q204) -> 0 | S205: =SUM(S143:S204) -> 0 | U205: =SUM(U143:U204) -> 0 | W205: =SUM(W143:W204) -> 400000 | Y205: =SUM(Y143:Y204) -> 877000 | Z205: =SUM(B205:Y205) -> 19926246
B206: =SUM(B143:B204) -> 964.66 | D206: =SUM(D142:D204) -> 872.11 | F206: =SUM(F142:F204) -> 33.84 | H206: =SUM(H143:H204) -> 88.43 | J206: =SUM(J142:J204) -> 22.47 | L206: =SUM(L143:L204) -> 259.65 | N206: =SUM(N143:N204) -> 140.41667 | P206: =SUM(P143:P204) -> 0 | R206: =SUM(R143:R204) -> 0 | T206: =SUM(T143:T204) -> 0 | V206: =SUM(V142:V204) -> 40 | X206: =SUM(X143:X204) -> 82.7 | Z206: =SUM(B206:Y206) -> 2504.2767
Z207: =Z205+AD131 -> 54557034
A208: Terbilang: | B208: Lima puluh empat juta delapan ratus sembilan puluh enam ribu lima ratus lima puluh empat rupiah
Q209: REGOINAL MANAGER JAWA | AA209: 54896554
AA210: =Z207-AA209 -> -339520
Q214: MAHAR BAGUS UTOMO
Y216: 41497072 | Z216: =Y216-Z207 -> -13059962 | AF216: =Z207-AF220 -> 4862564
C217: Hantaran | E217: Keb TPS | G217: Keb Taman Perak | I217: Security | M217: Ops Kantor | O217: Grand Total
...

Sheet JUNI 2025
A1: LAPORAN KONSUMSI BBM KENDARAAN DINAS PT PELINDO DAYA SEJAHTERA
A2: PERIODE JUNI 2025
A3: SUGENG | V3: MAS WAFI
A4: TANGGAL | B4: HANTARAN OPERATOR ITV TPS | L4: OPERASIONAL KEBERSHAN TPS | V4: SAPU JALAN PERAK BARAT | X4: PENYIRAMAN PERAK | Z4: SAPU JALAN (SPMT) | AB4: KEBERSIHAN PERAK | AD4: GRAND TOTAL
B5: L 1941 OL (L 1873 SB) | D5: L 1941 OL (L 1873 SB) | F5: L 1536 MZ (L 1388 PC) | H5: L 1536 MZ (L 1388 PC) | J5: L 1838 ZB (L 1641 PA) | L5: L 8203 AF | N5: L 9910 BR | P5: L 9910 BR | R5: L 9034 BU | T5: L 9078 BU | V5: pertalite | W5: L 9662 NK | X5: pertamax | Y5: L 9964 NK | Z5: Solar | AA5: AE 8719 SQ/L 8393 LT | AB5: pertalite | AC5: L 8065 TR
B6: Pertalite | C6: Rp | D6: Pertamax | E6: Rp | F6: Pertalite | G6: Rp | H6: Pertamax | I6: Rp | J6: Pertalite | K6: Rp | L6: solar | M6: Rp | N6: solar | O6: Rp | P6: pertamax | Q6: Rp | R6: Pertamina Dex | S6: Rp | T6: Solar | U6: Rp | V6: Liter | W6: Rp | X6: Liter | Y6: Rp | Z6: Liter | AA6: Rp | AB6: Liter | AC6: Rp
A7: 45809 | B7: 33.3 | C7: 333000 | F7: 29.59 | G7: 295900 | J7: 24.54 | K7: 245400 | T7: 60 | U7: 408000
A11: 45810 | B11: 31.38 | C11: 313800 | F11: 27.17 | G11: 271700 | J11: 18.16 | K11: 181600 | L11: 20 | M11: 136000 | P11: 20 | Q11: 242000 | AB11: 25 | AC11: 250000
A15: 45811 | B15: 38.96 | C15: 389600 | F15: 27 | G15: 270000 | J15: 22.42 | K15: 224200 | X15: 20 | Y15: 242000
A19: 45812 | B19: 28.54 | C19: 285400 | F19: 29.53 | G19: 295300 | J19: 18.25 | K19: 182500 | N19: 20 | O19: 136000 | X19: 20 | Y19: 242000
A23: 45813 | B23: 30.08 | C23: 300800 | F23: 29.69 | G23: 296900 | J23: 24.86 | K23: 248600 | P23: 20 | Q23: 242000
A27: 45814 | B27: 27.91 | C27: 279100 | F27: 25.13 | G27: 251300 | J27: 19.64 | K27: 196400 | N27: 50.96 | O27: 346530 | P27: 20 | Q27: 242000
A31: 45815 | B31: 25.34 | C31: 253400 | F31: 21.89 | G31: 218900 | AB31: 20 | AC31: 200000
A35: 45816 | B35: 29.69 | C35: 296900 | F35: 30.15 | G35: 301500 | J35: 21.9 | K35: 219000
A39: 45817 | B39: 30.37 | C39: 303700 | F39: 28.86 | G39: 288600 | L39: 20 | M39: 136000 | X39: 20 | Y39: 242000
A43: 45818 | B43: 29.58 | C43: 295800 | F43: 29.62 | G43: 296200 | J43: 25.95 | K43: 259500 | P43: 20 | Q43: 242000 | T43: 20 | U43: 136000
A47: 45819 | B47: 35.01 | C47: 350100 | F47: 27.35 | G47: 273500 | J47: 19.78 | K47: 197800 | AB47: 20 | AC47: 200000
A51: 45820 | B51: 34.23 | C51: 342300 | F51: 22.47 | G51: 224700 | J51: 19.82 | K51: 198200 | N51: 60 | O51: 408000 | P51: 20 | Q51: 242000 | X51: 20 | Y51: 242000
A55: 45821 | B55: 34.41 | C55: 344100 | F55: 28.16 | G55: 281600 | J55: 21.34 | K55: 213400 | L55: 20 | M55: 136000 | AB55: 20 | AC55: 200000
A59: 45822 | B59: 29.8 | C59: 298000 | H59: 16.32 | I59: 200000 | X59: 20 | Y59: 242000
A63: 45823 | B63: 29.42 | C63: 294200 | F63: 39.99 | G63: 399900 | J63: 24.92 | K63: 249200
A67: 45824 | B67: 29.84 | C67: 298400 | F67: 36.99 | G67: 369900 | J67: 20.6 | K67: 206000 | N67: 20 | O67: 242000 | T67: 60 | U67: 408000 | AB67: 20 | AC67: 200000
A71: 45825 | B71: 30.33 | C71: 303300 | F71: 31.19 | G71: 311900
A75: 45826 | B75: 29.73 | C75: 297300 | F75: 29.5 | G75: 295000 | J75: 33.12 | K75: 331200 | L75: 20 | M75: 136000
B76: 33.53 | C76: 335300
A79: 45827 | B79: 29.88 | C79: 298800 | F79: 29.45 | G79: 294500 | J79: 17.11 | K79: 171100 | X79: 20 | Y79: 242000 | AB79: 20 | AC79: 200000
A83: 45828 | B83: 26.57 | C83: 265700 | F83: 29.99 | G83: 299900 | J83: 10.9 | K83: 109000 | X83: 20 | Y83: 242000 | Z83: 32.87 | AA83: 223516
A87: 45829 | B87: 35.64 | C87: 356400 | F87: 25.06 | G87: 250600 | J87: 26.01 | K87: 260100 | N87: 60 | O87: 408000
A91: 45830 | B91: 35.83 | C91: 358300 | F91: 33.03 | G91: 330300
A95: 45831 | B95: 29.85 | C95: 298500 | F95: 12.42 | G95: 124200 | J95: 25.01 | K95: 250100 | L95: 20 | M95: 136000 | P95: 20 | Q95: 242000 | X95: 20 | Y95: 242000 | AB95: 19.62 | AC95: 196200
A99: 45832 | B99: 27.83 | C99: 278300 | F99: 35.1 | G99: 351000 | J99: 15.68 | K99: 156800 | X99: 20 | Y99: 242000
A103: 45833 | F103: 28.3 | G103: 283000 | J103: 21.38 | K103: 213800 | X103: 20 | Y103: 242000 | AB103: 20 | AC103: 200000
A107: 45834 | F107: 25.92 | G107: 259200 | J107: 29.53 | K107: 295300 | N107: 60 | O107: 408000 | T107: 60 | U107: 408000
A111: 45835 | B111: 35.38 | C111: 353800 | F111: 32.19 | G111: 321900 | J111: 25.33 | K111: 253300
A115: 45836 | B115: 35.94 | C115: 359400 | F115: 27.12 | G115: 271200
A119: 45837 | B119: 23.58 | C119: 235800 | H119: 29.76 | I119: 297600 | J119: 32.13 | K119: 321300 | L119: 20 | M119: 136000
A123: 45838 | B123: 13.02 | C123: 390200 | F123: 25.28 | G123: 252800 | X123: 20 | Y123: 242000 | AB123: 20 | AC123: 200000
A127: TOTAL | C127: =SUM(C7:C126) -> 9109700 | E127: =SUM(E7:E126) -> 0 | G127: =SUM(G7:G126) -> 7981400 | I127: =SUM(I7:I126) -> 497600 | K127: =SUM(K7:K126) -> 5183800 | M127: =SUM(M7:M126) -> 816000 | O127: =SUM(O7:O126) -> 1948530 | Q127: =SUM(Q7:Q126) -> 1452000 | S127: =SUM(S7:S126) -> 0 | U127: =SUM(U7:U126) -> 1360000 | W127: =SUM(W7:W126) -> 0 | Y127: =SUM(Y7:Y126) -> 2662000 | AA127: =SUM(AA7:AA126) -> 223516 | AC127: =SUM(AC7:AC126) -> 1846200 | AD127: =SUM(B127:AC127) -> 33080746
B128: =SUM(B7:B126) -> 884.97 | D128: =SUM(D7:D126) -> 0 | F128: =SUM(F7:F127) -> 798.14 | H128: =SUM(H7:H126) -> 46.08 | J128: =SUM(J7:J127) -> 518.38 | L128: =SUM(L7:L127) -> 120 | N128: =SUM(N7:N127) -> 270.96 | P128: =SUM(P7:P127) -> 120 | R128: =SUM(R7:R127) -> 0 | T128: =SUM(T7:T127) -> 200 | V128: =SUM(V7:V127) -> 0 | X128: =SUM(X7:X127) -> 220 | Z128: =SUM(Z7:Z127) -> 32.87 | AB128: =SUM(AB6:AB127) -> 184.62 | AD128: =SUM(B128:AC128) -> 3396.02
A132: LAPORAN KONSUMSI BBM KENDARAAN DINAS PT PELINDO DAYA SEJAHTERA PERIODE JUNI 2025
A134: MAS RAJIP | X134: REGIONAL
A135: TANGGAL | B135: PORT SECURITY PERAK | H135: SEPEDA MOTOR OPS PORT SECURITY | X135: OPERASIONAL KANTOR PUSAT PTPDS | Z135: GRAND TOTAL
B136: L 9554 BW | D136: L 9560 BW | F136: L 9644 CM | H136: B 4940 TUD | J136: B 4498 TVA | L136: L 6552 ZZ (SPMT) | N136: L 6548 ZZ (SPMT) | P136: L 5198 PU | R136: L 5198 PU | T136: KB 4836 MT | V136: B 4834 MT (SPMT) | X136: B 2072 PZG
B137: Solar | C137: Rp | D137: Solar | E137: Rp | F137: Pert.Dex | G137: Rp | H137: pertalie | I137: Rp | J137: pertalie | K137: Rp | L137: pertalie | M137: Rp | N137: pertalite | O137: Rp | P137: pertalite | Q137: Rp | R137: pertamax | S137: Rp | T137: pertalite | U137: Rp | V137: pertalite | W137: Rp | X137: Liter | Y137: Rp
A139: 45809
A141: 45810 | B141: 44.66 | C141: 303688 | D141: 59.24 | E141: 402832 | H141: 10 | I141: 100000 | J141: 10 | K141: 100000 | L141: 10 | M141: 100000 | N141: 10 | O141: 100000 | T141: 10 | U141: 100000
B142: 58.63 | C142: 398684 | L142: 10 | M142: 100000
A143: 45811 | J143: 10 | K143: 100000 | X143: 39.83 | Y143: 398300
A145: 45812 | B145: 58.67 | C145: 398956 | D145: 59.29 | E145: 403172 | H145: 10 | I145: 100000 | J145: 10 | K145: 100000 | L145: 10 | M145: 100000 | N145: 10 | O145: 100000 | T145: 10 | U145: 100000
L146: 10 | M146: 100000
A147: 45813
A149: 45814 | D149: 58.64 | E149: 398752 | H149: 10 | I149: 100000 | J149: 10 | K149: 100000 | L149: 10 | M149: 100000 | N149: 10 | O149: 100000 | T149: 10 | U149: 100000
L150: 10 | M150: 100000
A151: 45815
A153: 45816 | B153: 51.17 | C153: 347960 | L153: 10 | M153: 100000
A155: 45817 | B155: 58.98 | C155: 401064 | D155: 59.68 | E155: 405824 | H155: 10 | I155: 100000 | J155: 10 | K155: 100000 | L155: 10 | M155: 100000 | N155: 10 | O155: 100000 | T155: 10 | U155: 100000
L156: 10 | M156: 100000
A157: 45818
A159: 45819 | B159: 58.93 | C159: 400724 | D159: 59.65 | E159: 405620 | H159: 10 | I159: 100000 | J159: 10 | K159: 100000 | L159: 10 | M159: 100000 | N159: 10 | O159: 100000 | T159: 10 | U159: 100000
J160: 10 | K160: 100000 | L160: 10 | M160: 100000
A161: 45820 | H161: 10 | I161: 100000 | V161: 5 | W161: 50000
A163: 45821 | B163: 59.55 | C163: 404940 | D163: 58.97 | E163: 400996 | H163: 10 | I163: 100000 | J163: 10 | K163: 100000 | L163: 10 | M163: 100000 | N163: 10 | O163: 100000 | T163: 10 | U163: 100000
L164: 10 | M164: 100000 | T164: 10 | U164: 100000
A165: 45822 | B165: 52.17 | C165: 354760 | D165: 53.91 | E165: 366590
A167: 45823
A169: 45824 | B169: 58.29 | C169: 396372 | D169: 59.39 | E169: 403852 | H169: 10 | I169: 100000 | J169: 10 | K169: 100000 | L169: 10 | M169: 100000 | N169: 10 | O169: 100000 | T169: 10 | U169: 100000 | X169: 32.18 | Y169: 321800
L170: 10 | M170: 100000 | N170: 10 | O170: 100000
A171: 45825
A173: 45826 | B173: 59.78 | C173: 406504 | D173: 58.29 | E173: 396372 | H173: 10 | I173: 100000 | J173: 10 | K173: 100000 | L173: 10 | M173: 100000 | N173: 10 | O173: 100000 | T173: 10 | U173: 100000
J174: 10 | K174: 100000 | L174: 10 | M174: 100000
A175: 45827 | B175: 46.12 | C175: 313620 | V175: 9.4 | W175: 94000
A177: 45828 | B177: 57.9 | C177: 393720 | D177: 59.6 | E177: 405280 | H177: 10 | I177: 100000 | J177: 10 | K177: 100000 | L177: 10 | M177: 100000 | N177: 10 | O177: 100000 | T177: 10 | U177: 100000
L178: 10 | M178: 100000
A179: 45829 | H179: 10 | I179: 100000 | J179: 10 | K179: 100000 | L179: 10 | M179: 100000 | N179: 10 | O179: 100000 | T179: 10 | U179: 100000
L180: 10 | M180: 100000
A181: 45830 | X181: 37.18 | Y181: 371800
A183: 45831 | B183: 57.92 | C183: 393856 | D183: 58.68 | E183: 399024
A185: 45832
A187: 45833 | H187: 10 | I187: 100000 | J187: 10 | K187: 100000 | L187: 10 | M187: 100000 | N187: 10 | O187: 100000 | T187: 10 | U187: 100000
L188: 7.93 | M188: 79300 | N188: 10 | O188: 100000
A189: 45834 | B189: 51.81 | C189: 352310 | D189: 50.68 | E189: 344624 | H189: 10 | I189: 100000 | J189: 10 | K189: 100000 | T189: 10 | U189: 100000
A191: 45835 | B191: 58.62 | C191: 398616 | D191: 59.31 | E191: 403308 | L191: 10 | M191: 100000 | N191: 10 | O191: 100000
L192: 10 | M192: 100000
A193: 45836
A195: 45837 | T195: 10 | U195: 100000
A197: 45838 | B197: 59.71 | C197: 406028 | D197: 57.95 | E197: 394060 | H197: 10 | I197: 100000 | J197: 10 | K197: 100000 | L197: 10 | M197: 100000 | N197: 10 | O197: 100000
L198: 10 | M198: 100000 | X198: 39.85 | Y198: 398500
A199: TOTAL | C199: =SUM(C139:C198) -> 6071802 | E199: =SUM(E138:E198) -> 5530306 | G199: =SUM(G138:G198) -> 0 | I199: =SUM(I139:I198) -> 1400000 | K199: =SUM(K138:K198) -> 1600000 | M199: =SUM(M139:M198) -> 2679300 | O199: =SUM(O139:O198) -> 1500000 | Q199: =SUM(Q139:Q198) -> 0 | S199: =SUM(S139:S198) -> 0 | U199: =SUM(U139:U198) -> 1400000 | W199: =SUM(W139:W198) -> 144000 | Y199: =SUM(Y139:Y198) -> 1490400 | Z199: =SUM(B199:Y199) -> 21815808
B200: =SUM(B139:B198) -> 892.91 | D200: =SUM(D138:D198) -> 813.28 | F200: =SUM(F138:F198) -> 0 | H200: =SUM(H139:H198) -> 140 | J200: =SUM(J138:J198) -> 160 | L200: =SUM(L139:L198) -> 267.93 | N200: =SUM(N139:N198) -> 150 | P200: =SUM(P139:P198) -> 0 | R200: =SUM(R139:R198) -> 0 | T200: =SUM(T139:T198) -> 140 | V200: =SUM(V138:V198) -> 14.4 | X200: =SUM(X139:X198) -> 149.04 | Z200: =SUM(B200:Y200) -> 2727.56
Z201: =Z199+AD127 -> 54896554
A202: Terbilang: | B202: Lima puluh empat juta delapan ratus sembilan puluh enam ribu lima ratus lima puluh empat rupiah
Q203: REGOINAL MANAGER JAWA | AA203: 54896554
AA204: =Z201-AA203 -> 0
Q208: MAHAR BAGUS UTOMO
Y210: 41497072 | Z210: =Y210-Z201 -> -13399482 | AF210: =Z201-AF214 -> 5202084
C211: Hantaran | E211: Keb TPS | G211: Keb Taman Perak | I211: Security | M211: Ops Kantor | O211: Grand Total
C212: Liter | D212: Rp | E212: Liter | F212: Rp | G212: Liter | H212: Rp | I212: Liter | L212: Rp | M212: Liter | N212: Rp | O212: Liter | P212: Rp
C213: =B128 -> 884.97 | D213: =C127 -> 9109700 | E213: =L128 -> 120 | F213: =M127 -> 816000 | G213: =V128 -> 0 | H213: =W127 -> 0 | I213: =B200 -> 892.91 | L213: =C199 -> 6071802 | M213: =V200 -> 14.4 | N213: =W199 -> 144000
C214: =F128 -> 798.14 | D214: =G127 -> 7981400 | E214: =#REF! -> #REF! | F214: =#REF! -> #REF! | G214: =X128 -> 220 | H214: =Y127 -> 2662000 | I214: =D200 -> 813.28 | L214: =E199 -> 5530306 | AF214: 49694470
C215: =#REF! -> #REF! | D215: =#REF! -> #REF! | E215: =T128 -> 200 | F215: =U127 -> 1360000 | G215: =Z128 -> 32.87 | H215: =AA127 -> 223516 | I215: =#REF! -> #REF! | L215: =#REF! -> #REF!
...

Sheet MEI 2025
A1: LAPORAN KONSUMSI BBM KENDARAAN DINAS PT PELINDO DAYA SEJAHTERA
A2: PERIODE MEI 2025
A3: SUGENG | V3: MAS WAFI
A4: TANGGAL | B4: HANTARAN OPERATOR ITV TPS | L4: OPERASIONAL KEBERSHAN TPS | V4: SAPU JALAN PERAK BARAT | X4: PENYIRAMAN PERAK | Z4: SAPU JALAN (SPMT) | AB4: KEBERSIHAN PERAK | AD4: GRAND TOTAL
B5: L 1941 OL (L 1873 SB) | D5: L 1941 OL (L 1873 SB) | F5: L 1536 MZ (L 1388 PC) | H5: L 1536 MZ (L 1388 PC) | J5: L 1838 ZB (L 1641 PA) | L5: L 8203 AF | N5: L 9910 BR | P5: L 9910 BR | R5: L 9034 BU | T5: L 9078 BU | V5: pertalite | W5: L 9662 NK | X5: pertamax | Y5: L 9664 NK | Z5: Solar | AA5: AE 8719 SQ/L 8393 LT | AB5: pertalite | AC5: L 8065 TR
B6: Pertalite | C6: Rp | D6: Pertamax | E6: Rp | F6: Pertalite | G6: Rp | H6: Pertamax | I6: Rp | J6: Pertalite | K6: Rp | L6: solar | M6: Rp | N6: solar | O6: Rp | P6: pertamax | Q6: Rp | R6: Pertamina Dex | S6: Rp | T6: Solar | U6: Rp | V6: Liter | W6: Rp | X6: Liter | Y6: Rp | Z6: Liter | AA6: Rp | AB6: Liter | AC6: Rp
A7: 45778
B8: 31.46 | C8: 314600 | F8: 32.28 | G8: 322800
A11: 45779 | B11: 27.51 | C11: 275100 | F11: 21.73 | G11: 217300
A15: 45780 | B15: 30.03 | C15: 300300 | F15: 31.73 | G15: 317300 | X15: 20.16 | Y15: 250000 | AB15: 20 | AC15: 200000
AB16: 20 | AC16: 200000
A19: 45781 | B19: 33.42 | C19: 334270 | F19: 29.98 | G19: 299800 | J19: 32.33 | K19: 323300
A23: 45782 | B23: 38.35 | C23: 383500 | F23: 26.53 | G23: 265300 | J23: 18.72 | K23: 187200 | L23: 20 | M23: 136000
A27: 45783 | B27: 31.14 | C27: 311400 | F27: 29.09 | G27: 290900 | J27: 19.62 | K27: 196200 | P27: 20 | Q27: 248000 | X27: 20 | Y27: 248000
A31: 45784 | B31: 33.34 | C31: 333400 | F31: 28.1 | G31: 281000 | J31: 25.26 | K31: 252600 | T31: 60 | U31: 408000
A35: 45785 | B35: 29.53 | C35: 295300 | F35: 29.74 | G35: 297400 | J35: 16.75 | K35: 167500 | L35: 20 | M35: 136000 | N35: 20 | O35: 136000 | P35: 20 | Q35: 248000 | X35: 20 | Y35: 248000 | AB35: 20 | AC35: 200000
AB36: 20 | AC36: 200000
A39: 45786 | B39: 25.15 | C39: 251500 | F39: 27.92 | G39: 279200 | J39: 20.26 | K39: 202600 | X39: 20 | Y39: 248000 | Z39: 42.29 | AA39: 287572
A43: 45787 | B43: 29.56 | C43: 295600 | F43: 26.79 | G43: 267900 | J43: 18.68 | K43: 186800 | N43: 53.39 | O43: 363052
A47: 45788 | B47: 36.41 | C47: 364100 | F47: 33.64 | G47: 336400
A51: 45789 | B51: 29.64 | C51: 296400 | F51: 27.37 | G51: 273700 | J51: 31.57 | K51: 315700
A55: 45790 | B55: 34.24 | C55: 342400 | F55: 23.07 | G55: 230700 | J55: 14.24 | K55: 142400 | AB55: 20 | AC55: 200000
A59: 45791 | B59: 24.99 | C59: 249900 | F59: 29.14 | G59: 291400 | P59: 20 | Q59: 248000
A63: 45792 | B63: 36.72 | C63: 367200 | F63: 25.35 | G63: 253500 | J63: 38.27 | K63: 382700
A67: 45793 | B67: 29.25 | C67: 292500 | F67: 29.87 | G67: 298700 | J67: 23.53 | K67: 235300 | L67: 20 | M67: 136000 | N67: 20 | O67: 136000 | P67: 20 | Q67: 248000 | X67: 20 | Y67: 248000
A71: 45794 | B71: 29.85 | C71: 298500 | F71: 32.89 | G71: 328900 | J71: 21.01 | K71: 210100 | N71: 46.79 | O71: 318172
A75: 45795 | B75: 31.67 | C75: 316700 | F75: 27.51 | G75: 275100 | J75: 23.22 | K75: 232200
A79: 45796 | B79: 32.93 | C79: 329300 | F79: 30 | G79: 300000 | AB79: 20 | AC79: 200000
AB80: 20 | AC80: 200000
A83: 45797 | B83: 25.27 | C83: 252700 | F83: 23.11 | G83: 231100 | J83: 26.68 | K83: 266800 | P83: 20 | Q83: 248000
A87: 45798 | B87: 29.9 | C87: 299000 | F87: 22.6 | G87: 226000 | J87: 16.77 | K87: 167700 | X87: 20 | Y87: 248000
A91: 45799 | B91: 29.17 | C91: 291700 | F91: 26.85 | G91: 268500 | J91: 18.66 | K91: 186600 | L91: 20 | M91: 136000 | N91: 20 | O91: 136000 | T91: 60 | U91: 408000 | X91: 20 | Y91: 248000 | AB91: 20 | AC91: 200000
A95: 45800 | B95: 27.5 | C95: 275000 | F95: 33.35 | G95: 333500 | J95: 16.64 | K95: 166400 | P95: 20 | Q95: 248000 | X95: 20 | Y95: 248000
A99: 45801 | F99: 26.29 | G99: 262900 | J99: 16.35 | K99: 163500 | N99: 50.68 | O99: 344620
A103: 45802 | B103: 38.81 | C103: 388100 | F103: 32.89 | G103: 328900 | J103: 30.17 | K103: 301700
A107: 45803 | B107: 32.07 | C107: 320700 | F107: 32.22 | G107: 322200 | J107: 19.27 | K107: 192700 | P107: 20 | Q107: 248000 | AB107: 20 | AC107: 200000
A111: 45804 | B111: 27.72 | C111: 277200 | F111: 22.74 | G111: 227400 | J111: 28.37 | K111: 283700 | L111: 20 | M111: 136000 | X111: 20 | Y111: 248000
A115: 45805 | B115: 32.76 | C115: 327600 | F115: 28.32 | G115: 283200 | J115: 13.58 | K115: 135800
A119: 45806 | B119: 31.89 | C119: 318900 | F119: 30.45 | G119: 304500 | J119: 20.53 | K119: 205300 | N119: 52.43 | O119: 356524
A123: 45807 | B123: 30.36 | C123: 303600 | F123: 27.9 | G123: 279000 | Z123: 41.05 | AA123: 279140
A127: 45808 | B127: 26.93 | C127: 269300 | F127: 28.71 | G127: 287100 | J127: 30.03 | K127: 300300 | AB127: 20 | AC127: 200000
A131: TOTAL | C131: =SUM(C7:C130) -> 9275770 | E131: =SUM(E7:E130) -> 0 | G131: =SUM(G7:G130) -> 8781600 | I131: =SUM(I7:I130) -> 0 | K131: =SUM(K7:K130) -> 5405100 | M131: =SUM(M7:M130) -> 680000 | O131: =SUM(O7:O130) -> 1790368 | Q131: =SUM(Q7:Q130) -> 1736000 | S131: =SUM(S7:S130) -> 0 | U131: =SUM(U7:U130) -> 816000 | W131: =SUM(W7:W130) -> 0 | Y131: =SUM(Y7:Y130) -> 2234000 | AA131: =SUM(AA7:AA130) -> 566712 | AC131: =SUM(AC7:AC130) -> 2000000 | AD131: =SUM(B131:AC131) -> 33285550
B132: =SUM(B7:B130) -> 927.57 | D132: =SUM(D7:D130) -> 0 | F132: =SUM(F7:F131) -> 878.16 | H132: =SUM(H7:H130) -> 0 | J132: =SUM(J7:J131) -> 540.51 | L132: =SUM(L7:L131) -> 100 | N132: =SUM(N7:N131) -> 263.29 | P132: =SUM(P7:P131) -> 140 | R132: =SUM(R7:R131) -> 0 | T132: =SUM(T7:T131) -> 120 | V132: =SUM(V7:V131) -> 0 | X132: =SUM(X7:X131) -> 180.16 | Z132: =SUM(Z7:Z131) -> 83.34 | AB132: =SUM(AB6:AB131) -> 200 | AD132: =SUM(B132:AC132) -> 3433.03
A136: LAPORAN KONSUMSI BBM KENDARAAN DINAS PT PELINDO DAYA SEJAHTERA PERIODE MEI 2025
A138: MAS RAJIP | X138: REGIONAL
A139: TANGGAL | B139: PORT SECURITY PERAK | H139: SEPEDA MOTOR OPS PORT SECURITY | X139: OPERASIONAL KANTOR PUSAT PTPDS | Z139: GRAND TOTAL
B140: L 9554 BW | D140: L 9560 BW | F140: L 9644 CM | H140: B 4940 TUD | J140: B 4498 TVA | L140: L 6552 ZZ (SPMT) | N140: L 6548 ZZ (SPMT) | P140: L 5198 PU | R140: L 5198 PU | T140: KB 4836 MT | V140: B 4834 MT (SPMT) | X140: B 2072 PZG
B141: Solar | C141: Rp | D141: Solar | E141: Rp | F141: Pert.Dex | G141: Rp | H141: pertalie | I141: Rp | J141: pertalie | K141: Rp | L141: pertalie | M141: Rp | N141: pertalite | O141: Rp | P141: pertalite | Q141: Rp | R141: pertamax | S141: Rp | T141: pertalite | U141: Rp | V141: pertalite | W141: Rp | X141: Liter | Y141: Rp
A143: 45778 | B143: 42.85 | C143: 291380
A145: 45779 | B145: 59.82 | C145: 406776 | D145: 58.74 | E145: 399432 | H145: 10 | I145: 100000 | J145: 10 | K145: 100000 | L145: 10 | M145: 100000 | N145: 10 | O145: 100000 | T145: 10 | U145: 100000
J146: 10 | K146: 100000 | L146: 10 | M146: 100000
A147: 45780
A149: 45781 | V149: 6.12 | W149: 61200
A151: 45782 | B151: 58.25 | C151: 396100 | D151: 59.71 | E151: 406028 | H151: 10 | I151: 100000 | J151: 10 | K151: 100000 | L151: 10 | M151: 100000 | N151: 10 | O151: 100000 | T151: 10 | U151: 100000
L152: 10 | M152: 100000
A153: 45783 | D153: 57.11 | E153: 388350 | X153: 34.92 | Y153: 349200
A155: 45784
A157: 45785 | B157: 59.12 | C157: 402016 | D157: 58.62 | E157: 398616 | H157: 10 | I157: 100000 | J157: 10 | K157: 100000 | L157: 10 | M157: 100000 | N157: 10 | O157: 100000 | T157: 10 | U157: 100000
L158: 10 | M158: 100000 | N158: 10 | O158: 100000
A159: 45786 | B159: 49.41 | C159: 335900
A161: 45787 | P161: 10 | Q161: 100000
A163: 45788 | B163: 58.86 | C163: 400248 | D163: 59.55 | E163: 404940 | H163: 10 | I163: 100000 | J163: 10 | K163: 100000 | L163: 10 | M163: 100000 | N163: 10 | O163: 100000 | T163: 10 | U163: 100000
L164: 10 | M164: 100000
A165: 45789 | D165: 57.1 | E165: 388280 | J165: 10 | K165: 100000 | V165: 5 | W165: 50000
A167: 45790 | B167: 59.16 | C167: 402288 | D167: 58.25 | E167: 396100 | H167: 10 | I167: 100000 | L167: 10 | M167: 100000 | N167: 10 | O167: 100000 | T167: 10 | U167: 100000
L168: 10 | M168: 100000
A169: 45791
A171: 45792 | B171: 58.47 | C171: 397596 | D171: 59.75 | E171: 406300 | H171: 10 | I171: 100000 | J171: 10 | K171: 100000 | L171: 10 | M171: 100000 | N171: 10 | O171: 100000 | T171: 10 | U171: 100000
L172: 10 | M172: 100000
A173: 45793 | H173: 10 | I173: 100000 | L173: 10 | M173: 100000 | N173: 10 | O173: 100000 | T173: 10 | U173: 100000 | V173: 10 | W173: 100000
L174: 10 | M174: 100000
A175: 45794
A177: 45795 | B177: 38.31 | C177: 260508 | D177: 47.66 | E177: 324088 | H177: 10 | I177: 100000 | J177: 10 | K177: 100000 | X177: 37.37 | Y177: 373700
B178: 59.92 | C178: 407456 | D178: 58.54 | E178: 398072
A179: 45796 | H179: 10 | I179: 100000 | J179: 10 | K179: 100000 | L179: 10 | M179: 100000 | N179: 10 | O179: 100000 | T179: 10 | U179: 100000
L180: 10 | M180: 100000
A181: 45797 | L181: 10 | M181: 100000
A183: 45798 | B183: 58.94 | C183: 400792 | D183: 59.76 | E183: 406368 | H183: 10 | I183: 100000 | J183: 10 | K183: 100000 | L183: 10 | M183: 100000 | N183: 10 | O183: 100000 | T183: 10 | U183: 100000
L184: 10 | M184: 100000
A185: 45799 | H185: 10 | I185: 100000 | J185: 10 | K185: 100000 | L185: 10 | M185: 100000 | N185: 10 | O185: 100000 | T185: 10 | U185: 100000
L186: 10 | M186: 100000
A187: 45800 | B187: 59.23 | C187: 402764 | D187: 58.52 | E187: 397936
A189: 45801 | D189: 57.24 | E189: 389232
A191: 45802 | P191: 10 | Q191: 100000
A193: 45803 | B193: 39.57 | C193: 269076 | D193: 58.56 | E193: 398208 | H193: 10 | I193: 100000 | J193: 10 | K193: 100000 | L193: 10 | M193: 100000 | N193: 10 | O193: 100000
L194: 10 | M194: 100000 | T194: 10 | U194: 100000
A195: 45804 | B195: 58.46 | C195: 397528 | L195: 10 | M195: 100000
A197: 45805 | D197: 59.17 | E197: 402356 | H197: 10 | I197: 100000 | J197: 10 | K197: 100000 | L197: 10 | M197: 100000 | N197: 10 | O197: 100000 | T197: 10 | U197: 100000 | V197: 6 | W197: 60000
H198: 10 | I198: 100000 | L198: 10 | M198: 100000
A199: 45806
A201: 45807
A203: 45808 | B203: 59.4 | C203: 403920 | D203: 58.9 | E203: 400520 | H203: 10 | I203: 100000 | J203: 10 | K203: 100000 | L203: 10 | M203: 100000 | N203: 10 | O203: 100000 | T203: 10 | U203: 100000
L204: 10 | M204: 100000
A205: TOTAL | C205: =SUM(C143:C204) -> 5574348 | E205: =SUM(E142:E204) -> 6304826 | G205: =SUM(G142:G204) -> 0 | I205: =SUM(I143:I204) -> 1500000 | K205: =SUM(K142:K204) -> 1400000 | M205: =SUM(M143:M204) -> 2800000 | O205: =SUM(O143:O204) -> 1400000 | Q205: =SUM(Q143:Q204) -> 200000 | S205: =SUM(S143:S204) -> 0 | U205: =SUM(U143:U204) -> 1300000 | W205: =SUM(W143:W204) -> 271200 | Y205: =SUM(Y143:Y204) -> 722900 | Z205: =SUM(B205:Y205) -> 21473274
B206: =SUM(B143:B204) -> 819.77 | D206: =SUM(D142:D204) -> 927.18 | F206: =SUM(F142:F204) -> 0 | H206: =SUM(H143:H204) -> 150 | J206: =SUM(J142:J204) -> 140 | L206: =SUM(L143:L204) -> 280 | N206: =SUM(N143:N204) -> 140 | P206: =SUM(P143:P204) -> 20 | R206: =SUM(R143:R204) -> 0 | T206: =SUM(T143:T204) -> 130 | V206: =SUM(V142:V204) -> 27.12 | X206: =SUM(X143:X204) -> 72.29 | Z206: =SUM(B206:Y206) -> 2706.36
Z207: =Z205+AD131 -> 54758824
A208: Terbilang: | B208: Lima puluh satu juta sembilan ratus tujuh puluh satu ribu delapan ratus tujuh puluh enam rupiah
Q209: REGOINAL MANAGER JAWA | AA209: 54758824
AA210: =AA209-Z207 -> 0
Q214: MAHAR BAGUS UTOMO
...

Sheet APRIL 2025
A1: LAPORAN KONSUMSI BBM KENDARAAN DINAS PT PELINDO DAYA SEJAHTERA
A2: PERIODE APRIL 2025
A3: SUGENG | V3: MAS WAFI
A4: TANGGAL | B4: HANTARAN OPERATOR ITV TPS | L4: OPERASIONAL KEBERSHAN TPS | V4: SAPU JALAN PERAK BARAT | X4: PENYIRAMAN PERAK | Z4: SAPU JALAN (SPMT) | AB4: KEBERSIHAN PERAK | AD4: GRAND TOTAL
B5: L 1941 OL (L 1873 SB) | D5: L 1941 OL (L 1873 SB) | F5: L 1536 MZ (L 1388 PC) | H5: L 1536 MZ (L 1388 PC) | J5: L 1838 ZB (L 1641 PA) | L5: L 8203 AF | N5: L 9910 BR | P5: L 9910 BR | R5: L 9034 BU | T5: L 9078 BU | V5: pertalite | W5: L 9662 NK | X5: pertamax | Y5: L 9664 NK | Z5: Solar | AA5: AE 8719 SQ/L 8393 LT | AB5: pertalite | AC5: L 8065 TR
B6: Pertalite | C6: Rp | D6: Pertamax | E6: Rp | F6: Pertalite | G6: Rp | H6: Pertamax | I6: Rp | J6: Pertalite | K6: Rp | L6: solar | M6: Rp | N6: solar | O6: Rp | P6: pertamax | Q6: Rp | R6: Pertamina Dex | S6: Rp | T6: Solar | U6: Rp | V6: Liter | W6: Rp | X6: Liter | Y6: Rp | Z6: Liter | AA6: Rp | AB6: Liter | AC6: Rp
A7: 45748 | B7: 34.92 | C7: 349200 | F7: 20.56 | G7: 205600 | J7: 26.2 | K7: 262000
A11: 45749 | B11: 26.07 | C11: 260700 | J11: 23.26 | K11: 232600 | L11: 20 | M11: 136000
A15: 45750 | B15: 24.67 | C15: 246700 | F15: 35.44 | G15: 354400 | J15: 28.73 | K15: 287300 | AB15: 10 | AC15: 100000
A19: 45751 | B19: 27.52 | C19: 275200 | J19: 19.45 | K19: 194500
A23: 45752 | B23: 26.43 | C23: 264300 | F23: 31.83 | G23: 318300 | J23: 28.01 | K23: 280100
A27: 45753 | B27: 29.81 | C27: 298100 | F27: 17.98 | G27: 179800 | J27: 38.82 | K27: 388200 | L27: 20 | M27: 136000 | N27: 45.29 | O27: 308000
A31: 45754 | F31: 33.21 | G31: 332100 | J31: 26.39 | K31: 263900 | AB31: 20 | AC31: 200000
A35: 45755 | B35: 34.73 | C35: 347300 | F35: 19.11 | G35: 191100 | J35: 25.65 | K35: 256500 | P35: 20 | Q35: 250000 | T35: 60 | U35: 408000
A39: 45756 | B39: 23.31 | C39: 233100 | J39: 21.86 | K39: 218600 | L39: 20 | M39: 136000 | N39: 14.7 | O39: 100000 | V39: 10 | W39: 100000 | X39: 20 | Y39: 250000
AB40: 15 | AC40: 150000
A43: 45757 | B43: 30.46 | C43: 304600 | F43: 19.89 | G43: 198900 | J43: 25.73 | K43: 257300 | P43: 20 | Q43: 250000
A47: 45758 | B47: 26.73 | C47: 267300 | F47: 28.28 | G47: 282800 | J47: 23.27 | K47: 232700 | P47: 20 | Q47: 250000
A51: 45759 | B51: 26.43 | C51: 264300 | F51: 23.18 | G51: 231800 | J51: 20.76 | K51: 207600 | L51: 20 | M51: 136000
A55: 45760 | B55: 30 | C55: 300000 | F55: 29.75 | G55: 297500
A59: 45761 | B59: 33.14 | C59: 331400 | F59: 25.87 | G59: 258700 | J59: 32 | K59: 320000 | X59: 20 | Y59: 250000 | AB59: 20 | AC59: 200000
A63: 45762 | B63: 40.65 | C63: 406500 | D63: 12 | E63: 150000 | H63: 16 | I63: 200000 | L63: 20 | M63: 136000 | N63: 20 | O63: 136000 | P63: 20 | Q63: 250000 | AB63: 10 | AC63: 100000
D64: 12 | E64: 150000
A67: 45763 | F67: 38.95 | G67: 389500 | J67: 34.43 | K67: 344300 | X67: 20 | Y67: 250000
A71: 45764 | B71: 37.48 | C71: 374800 | F71: 14.99 | G71: 149900 | J71: 31.35 | K71: 313500 | P71: 20 | Q71: 250000 | T71: 60 | U71: 408000
A75: 45765 | B75: 32.27 | C75: 322700 | F75: 26.12 | G75: 261200 | J75: 16.3 | K75: 163000 | L75: 20 | M75: 136000 | N75: 60 | O75: 408000
A79: 45766 | B79: 30.24 | C79: 302400 | F79: 21.06 | G79: 210600 | J79: 18.55 | K79: 185500 | P79: 20 | Q79: 250000
A83: 45767 | B83: 33.27 | C83: 332700 | F83: 23.13 | G83: 231300 | J83: 17.31 | K83: 173100 | L83: 20 | M83: 136000
A87: 45768 | B87: 25.52 | C87: 255200 | F87: 28.52 | G87: 285200 | J87: 19.05 | K87: 190500 | P87: 20 | Q87: 250000 | X87: 20 | Y87: 250000 | Z87: 30.75 | AA87: 209100 | AB87: 20 | AC87: 200000
A91: 45769 | B91: 33.18 | C91: 331800 | F91: 25.82 | G91: 258200 | J91: 15.73 | K91: 157300
A95: 45770 | B95: 34.87 | C95: 348700 | J95: 27.1 | K95: 271000 | L95: 52.49 | M95: 356932 | N95: 20 | O95: 136000 | X95: 20 | Y95: 250000 | AB95: 25 | AC95: 250000
A99: 45771 | B99: 26.88 | C99: 268800 | F99: 38.86 | G99: 388600 | J99: 26.08 | K99: 260800 | L99: 20 | M99: 136000 | X99: 20 | Y99: 250000
A103: 45772 | B103: 24.35 | C103: 243500 | F103: 32.95 | G103: 329500 | J103: 23.67 | K103: 236700 | P103: 20 | Q103: 250000
A107: 45773 | B107: 28.9 | C107: 289000 | F107: 25.85 | G107: 258500 | J107: 15.69 | K107: 156900 | T107: 60 | U107: 408000
A111: 45774 | B111: 30.74 | C111: 307400 | F111: 29.27 | G111: 292700 | J111: 22.97 | K111: 229700
A115: 45775 | B115: 34.86 | C115: 348600 | F115: 30.97 | G115: 309700 | J115: 18.96 | K115: 189600 | T115: 56.97 | U115: 387460 | X115: 20 | Y115: 250000 | AB115: 20 | AC115: 200000
A119: 45776 | B119: 37.87 | C119: 378700 | F119: 30.08 | G119: 300800 | J119: 14.2 | K119: 142000 | L119: 20 | M119: 136000 | P119: 20 | Q119: 250000
A123: 45777 | B123: 28.24 | C123: 282400 | F123: 28 | G123: 280000 | J123: 15 | K123: 150000 | X123: 20 | Y123: 250000
A127: TOTAL | C127: =SUM(C7:C126) -> 8535400 | E127: =SUM(E7:E126) -> 300000 | G127: =SUM(G7:G126) -> 6796700 | I127: =SUM(I7:I126) -> 200000 | K127: =SUM(K7:K126) -> 6565200 | M127: =SUM(M7:M126) -> 1580932 | O127: =SUM(O7:O126) -> 1088000 | Q127: =SUM(Q7:Q126) -> 2250000 | S127: =SUM(S7:S126) -> 0 | U127: =SUM(U7:U126) -> 1611460 | W127: =SUM(W7:W126) -> 100000 | Y127: =SUM(Y7:Y126) -> 2000000 | AA127: =SUM(AA7:AA126) -> 209100 | AC127: =SUM(AC7:AC126) -> 1400000 | AD127: =SUM(B127:AC127) -> 32636792
B128: =SUM(B7:B126) -> 853.54 | D128: =SUM(D7:D126) -> 24 | F128: =SUM(F7:F127) -> 679.67 | H128: =SUM(H7:H126) -> 16 | J128: =SUM(J7:J127) -> 656.52 | L128: =SUM(L7:L127) -> 232.49 | N128: =SUM(N7:N127) -> 159.99 | P128: =SUM(P7:P127) -> 180 | R128: =SUM(R7:R127) -> 0 | T128: =SUM(T7:T127) -> 236.97 | V128: =SUM(V7:V127) -> 10 | X128: =SUM(X7:X127) -> 160 | Z128: =SUM(Z7:Z127) -> 30.75 | AB128: =SUM(AB6:AB127) -> 140 | AD128: =SUM(B128:AC128) -> 3379.93
A132: LAPORAN KONSUMSI BBM KENDARAAN DINAS PT PELINDO DAYA SEJAHTERA PERIODE APRIL 2025
A134: MAS RAJIP | X134: REGIONAL
A135: TANGGAL | B135: PORT SECURITY PERAK | H135: SEPEDA MOTOR OPS PORT SECURITY | X135: OPERASIONAL KANTOR PUSAT PTPDS | Z135: GRAND TOTAL
B136: L 9554 BW | D136: L 9560 BW | F136: L 9644 CM | H136: B 4940 TUD | J136: B 4498 TVA | L136: L 6552 ZZ (SPMT) | N136: L 6548 ZZ (SPMT) | P136: L 5198 PU | R136: L 5198 PU | T136: KB 4836 MT | V136: B 4834 MT (SPMT) | X136: B 2072 PZG
B137: Solar | C137: Rp | D137: Solar | E137: Rp | F137: Pert.Dex | G137: Rp | H137: pertalie | I137: Rp | J137: pertalie | K137: Rp | L137: pertalie | M137: Rp | N137: pertalite | O137: Rp | P137: pertalite | Q137: Rp | R137: pertamax | S137: Rp | T137: pertalite | U137: Rp | V137: pertalite | W137: Rp | X137: Liter | Y137: Rp
A139: 45748
A141: 45749
A143: 45750 | B143: 58.2 | C143: 395760 | D143: 57.9 | E143: 393720 | H143: 10 | I143: 100000 | J143: 10 | K143: 100000 | L143: 10 | M143: 100000 | N143: 10 | O143: 100000 | T143: 10 | U143: 100000
A145: 45751
A147: 45752
A149: 45753 | T149: 10 | U149: 100000 | V149: 8.55 | W149: 85500
A151: 45754 | D151: 55.12 | E151: 374816 | P151: 10 | Q151: 100000
A153: 45755 | B153: 59.4 | C153: 403920 | D153: 58.8 | E153: 399840 | H153: 10 | I153: 100000 | J153: 10 | K153: 100000 | L153: 10 | M153: 100000 | N153: 10 | O153: 100000 | T153: 10 | U153: 100000
L154: 10 | M154: 100000
A155: 45756 | H155: 10 | I155: 100000
A157: 45757 | B157: 59.47 | C157: 404396 | D157: 58.84 | E157: 400112 | H157: 10 | I157: 100000 | J157: 10 | K157: 100000 | L157: 10 | M157: 100000 | N157: 10 | O157: 100000 | T157: 10 | U157: 100000 | X157: 34.74 | Y157: 347400
L158: 10 | M158: 100000 | N158: 10 | O158: 100000
A159: 45758 | L159: 10 | M159: 100000 | N159: 10 | O159: 100000 | R159: 20 | S159: 250000 | T159: 10 | U159: 100000
N160: 10 | O160: 100000
A161: 45759 | B161: 60 | C161: 408000
A163: 45760 | B163: 59.41 | C163: 403988 | D163: 57.16 | E163: 388688 | H163: 10 | I163: 100000 | J163: 10 | K163: 100000 | T163: 10 | U163: 100000
A165: 45761 | D165: 58.47 | E165: 397596 | L165: 10 | M165: 100000 | N165: 10 | O165: 100000
N166: 10 | O166: 100000
A167: 45762
A169: 45763 | B169: 58.92 | C169: 400656 | D169: 59.72 | E169: 406096 | H169: 10 | I169: 100000 | J169: 10 | K169: 100000 | L169: 10 | M169: 100000 | N169: 10 | O169: 100000 | P169: 10 | Q169: 100000 | T169: 10 | U169: 100000 | V169: 9.04 | W169: 90400
L170: 10 | M170: 100000
A171: 45764 | H171: 10 | I171: 100000 | J171: 10 | K171: 100000 | N171: 10 | O171: 100000 | T171: 10 | U171: 100000
A173: 45765 | D173: 54.51 | E173: 370668
A175: 45766
A177: 45767 | N177: 10 | O177: 100000 | X177: 34.07 | Y177: 340700
A179: 45768 | B179: 58.73 | C179: 399364 | D179: 59.43 | E179: 404120 | H179: 10 | I179: 100000 | J179: 10 | K179: 100000 | L179: 10 | M179: 100000 | T179: 10 | U179: 100000
L180: 10 | M180: 100000
A181: 45769
A183: 45770 | D183: 58.88 | E183: 400384 | H183: 10 | I183: 100000 | J183: 10 | K183: 100000 | L183: 10 | M183: 100000 | N183: 10 | O183: 100000 | T183: 10 | U183: 100000
J184: 10 | K184: 100000 | L184: 10 | M184: 100000
A185: 45771 | B185: 59.5 | C185: 404600 | D185: 50.76 | E185: 345170 | V185: 10 | W185: 100000
A187: 45772 | B187: 58.66 | C187: 398888 | D187: 57.92 | E187: 393856 | H187: 10 | I187: 100000 | J187: 10 | K187: 100000 | L187: 10 | M187: 100000 | N187: 10 | O187: 100000 | T187: 8.6 | U187: 86000
L188: 10 | M188: 100000 | T188: 10 | U188: 100000
A189: 45773 | L189: 9.67 | M189: 96700
A191: 45774
A193: 45775 | B193: 57.8 | C193: 393040 | D193: 59.4 | E193: 403920 | H193: 10 | I193: 100000 | J193: 10 | K193: 100000 | L193: 10 | M193: 100000 | N193: 10 | O193: 100000 | T193: 10 | U193: 100000 | X193: 36.61 | Y193: 366100
L194: 10 | M194: 100000
A195: 45776
A197: 45777 | B197: 59.85 | C197: 406980 | D197: 55.01 | E197: 374070 | H197: 10 | I197: 100000 | J197: 10 | K197: 100000 | L197: 10 | M197: 100000 | N197: 10 | O197: 100000 | T197: 10 | U197: 100000
D198: 58.77 | E198: 399636 | L198: 10 | M198: 100000
A199: TOTAL | C199: =SUM(C139:C198) -> 4419592 | E199: =SUM(E138:E198) -> 5852692 | G199: =SUM(G138:G198) -> 0 | I199: =SUM(I139:I198) -> 1200000 | K199: =SUM(K138:K198) -> 1200000 | M199: =SUM(M139:M198) -> 1996700 | O199: =SUM(O139:O198) -> 1500000 | Q199: =SUM(Q139:Q198) -> 200000 | S199: =SUM(S139:S198) -> 250000 | U199: =SUM(U139:U198) -> 1386000 | W199: =SUM(W139:W198) -> 275900 | Y199: =SUM(Y139:Y198) -> 1054200 | Z199: =SUM(B199:Y199) -> 19335084
B200: =SUM(B139:B198) -> 649.94 | D200: =SUM(D138:D198) -> 860.69 | F200: =SUM(F138:F198) -> 0 | H200: =SUM(H139:H198) -> 120 | J200: =SUM(J138:J198) -> 120 | L200: =SUM(L139:L198) -> 199.67 | N200: =SUM(N139:N198) -> 150 | P200: =SUM(P139:P198) -> 20 | R200: =SUM(R139:R198) -> 20 | T200: =SUM(T139:T198) -> 138.6 | V200: =SUM(V138:V198) -> 27.59 | X200: =SUM(X139:X198) -> 105.42 | Z200: =SUM(B200:Y200) -> 2411.91
Z201: =Z199+AD127 -> 51971876
A202: Terbilang: | B202: Lima puluh satu juta sembilan ratus tujuh puluh satu ribu delapan ratus tujuh puluh enam rupiah
Q203: REGOINAL MANAGER JAWA | AA203: 51971876
AA204: =AA203-Z201 -> 0
Q208: MAHAR BAGUS UTOMO
Y210: 41497072 | Z210: =Y210-Z201 -> -10474804 | AF210: =Z201-AF214 -> 2277406
C211: Hantaran | E211: Keb TPS | G211: Keb Taman Perak | I211: Security | M211: Ops Kantor | O211: Grand Total
C212: Liter | D212: Rp | E212: Liter | F212: Rp | G212: Liter | H212: Rp | I212: Liter | L212: Rp | M212: Liter | N212: Rp | O212: Liter | P212: Rp
C213: =B128 -> 853.54 | D213: =C127 -> 8535400 | E213: =L128 -> 232.49 | F213: =M127 -> 1580932 | G213: =V128 -> 10 | H213: =W127 -> 100000 | I213: =B200 -> 649.94 | L213: =C199 -> 4419592 | M213: =V200 -> 27.59 | N213: =W199 -> 275900
C214: =F128 -> 679.67 | D214: =G127 -> 6796700 | E214: =#REF! -> #REF! | F214: =#REF! -> #REF! | G214: =X128 -> 160 | H214: =Y127 -> 2000000 | I214: =D200 -> 860.69 | L214: =E199 -> 5852692 | AF214: 49694470
C215: =#REF! -> #REF! | D215: =#REF! -> #REF! | E215: =T128 -> 236.97 | F215: =U127 -> 1611460 | G215: =Z128 -> 30.75 | H215: =AA127 -> 209100 | I215: =#REF! -> #REF! | L215: =#REF! -> #REF!
G216: =AB128 -> 140 | H216: =AC127 -> 1400000 | I216: =H200 -> 120 | L216: =I199 -> 1200000
G217: =#REF! -> #REF! | H217: =#REF! -> #REF! | I217: =J200 -> 120 | L217: =K199 -> 1200000
...

Sheet MARET 2025
A1: LAPORAN KONSUMSI BBM KENDARAAN DINAS PT PELINDO DAYA SEJAHTERA
A2: PERIODE MARET 2025
A3: SUGENG | V3: MAS WAFI
A4: TANGGAL | B4: HANTARAN OPERATOR ITV TPS | L4: OPERASIONAL KEBERSHAN TPS | V4: SAPU JALAN PERAK BARAT | X4: PENYIRAMAN PERAK | Z4: SAPU JALAN (SPMT) | AB4: KEBERSIHAN PERAK | AD4: GRAND TOTAL
B5: L 1941 OL (L 1873 SB) | D5: L 1941 OL (L 1873 SB) | F5: L 1536 MZ (L 1388 PC) | H5: L 1536 MZ (L 1388 PC) | J5: L 1838 ZB (L 1641 PA) | L5: L 8203 AF | N5: L 9910 BR | P5: L 9910 BR | R5: L 9034 BU | T5: L 9078 BU | V5: pertalite | W5: L 9662 NK | X5: pertamax | Y5: L 9664 NK | Z5: Solar | AA5: AE 8719 SQ/L 8393 LT | AB5: pertalite | AC5: L 8065 TR
B6: Pertalite | C6: Rp | D6: Pertamax | E6: Rp | F6: Pertalite | G6: Rp | H6: Pertamax Turbo | I6: Rp | J6: Pertalite | K6: Rp | L6: solar | M6: Rp | N6: solar | O6: Rp | P6: pertamax | Q6: Rp | R6: Pertamina Dex | S6: Rp | T6: Solar | U6: Rp | V6: Liter | W6: Rp | X6: Liter | Y6: Rp | Z6: Liter | AA6: Rp | AB6: Liter | AC6: Rp
A7: 45717
B8: 28.05 | C8: 280500 | F8: 37.94 | G8: 379400 | N8: 37.22 | O8: 253096
A11: 45718 | B11: 38.83 | C11: 388300 | F11: 18.57 | G11: 185700 | J11: 37.74 | K11: 377400
A15: 45719 | B15: 30.87 | C15: 308700 | F15: 19.84 | G15: 198400 | J15: 23.42 | K15: 234200 | L15: 20 | M15: 136000 | T15: 20 | U15: 136000 | X15: 20 | Y15: 258000
A19: 45720 | B19: 27.13 | C19: 271300 | F19: 27.13 | G19: 271300 | J19: 20.93 | K19: 209300 | P19: 20 | Q19: 258000 | AB19: 10 | AC19: 100000
A23: 45721 | B23: 31.02 | C23: 310200 | F23: 22.35 | G23: 223500 | J23: 23.22 | K23: 232200 | X23: 20 | Y23: 258000
A27: 45722 | B27: 36.03 | C27: 360300 | F27: 25.5 | G27: 255000 | J27: 22.26 | K27: 222600 | L27: 20 | M27: 136000 | AB27: 10 | AC27: 100000
A31: 45723 | B31: 26.01 | C31: 260100 | F31: 18.82 | G31: 188200 | N31: 20 | O31: 136000 | P31: 20 | Q31: 258000 | T31: 58.8 | U31: 399840
A35: 45724 | B35: 28.95 | C35: 289500 | F35: 25.15 | G35: 251500 | J35: 26.89 | K35: 268900 | X35: 20 | Y35: 258000
A39: 45725 | B39: 29.81 | C39: 298100 | F39: 25.46 | G39: 254600 | J39: 25.13 | K39: 251300
A43: 45726 | B43: 27.26 | C43: 272600 | F43: 16.97 | G43: 169700 | L43: 20 | M43: 136000 | N43: 20 | O43: 136000 | AB43: 10 | AC43: 100000
A47: 45727 | B47: 26.79 | C47: 267900 | F47: 19.82 | G47: 198200 | J47: 39.63 | K47: 396300 | P47: 20 | Q47: 258000
A51: 45728 | B51: 27.46 | C51: 274600 | F51: 23.69 | G51: 236900 | J51: 21.45 | K51: 214500 | L51: 20 | M51: 136000 | X51: 20 | Y51: 258000
A55: 45729 | B55: 34.92 | C55: 349200 | F55: 20.82 | G55: 208200 | J55: 17.09 | K55: 170900 | Z55: 38.84 | AA55: 264112 | AB55: 20 | AC55: 200000
A59: 45730 | B59: 24.36 | C59: 243600 | F59: 27.5 | G59: 275000 | J59: 22.38 | K59: 223800 | N59: 20 | O59: 136000 | P59: 20 | Q59: 258000
A63: 45731 | B63: 22.91 | C63: 229100 | F63: 18.98 | G63: 189800 | J63: 24.82 | K63: 248200 | N63: 47.19 | O63: 320892 | X63: 20 | Y63: 258000
A67: 45732 | B67: 27.8 | C67: 278000 | F67: 25.34 | G67: 253400 | J67: 11.33 | K67: 113300 | L67: 20 | M67: 136000
A71: 45733 | B71: 28.46 | C71: 284600 | F71: 25.93 | G71: 259300 | J71: 19.54 | K71: 195400 | AB71: 10 | AC71: 100000
A75: 45734 | B75: 28.5 | C75: 285000 | F75: 21.28 | G75: 212800 | N75: 20 | O75: 136000 | P75: 20 | Q75: 258000
A79: 45735 | B79: 28.37 | C79: 283700 | F79: 20.96 | G79: 209600 | J79: 32.86 | K79: 328600 | L79: 20 | M79: 136000 | X79: 20 | Y79: 258000
A83: 45736 | B83: 27.31 | C83: 273100 | F83: 31.66 | G83: 316600 | J83: 17 | K83: 170000 | AB83: 20 | AC83: 200000
A87: 45737 | F87: 32.28 | G87: 322800 | J87: 25.71 | K87: 257100 | N87: 20 | O87: 136000 | P87: 20 | Q87: 258000
A91: 45738 | F91: 29.66 | G91: 296600 | J91: 33.82 | K91: 338200 | L91: 20 | M91: 136000 | N91: 50.72 | O91: 344896
A95: 45739 | F95: 28.94 | G95: 289400 | J95: 20.46 | K95: 204600
A99: 45740 | F99: 27.29 | G99: 272900 | J99: 29.45 | K99: 294500 | P99: 20 | Q99: 258000 | T99: 20 | U99: 136000 | AB99: 10 | AC99: 100000
A103: 45741 | F103: 30.35 | G103: 303500 | J103: 31.41 | K103: 314100 | L103: 20 | M103: 136000 | X103: 20 | Y103: 258000 | AB103: 20 | AC103: 200000
A107: 45742 | B107: 37.5 | C107: 375000 | J107: 19.06 | K107: 190600
F108: 25.31 | G108: 253100
A111: 45743 | B111: 29.92 | C111: 299200 | F111: 26.55 | G111: 265500 | J111: 25.19 | K111: 251900 | P111: 20 | Q111: 258000 | T111: 20 | U111: 136000
A115: 45744 | B115: 22.2 | C115: 222000 | F115: 26.75 | G115: 267500 | J115: 26.93 | K115: 269300 | Z115: 32.43 | AA115: 220520
A119: 45745 | B119: 42.01 | C119: 420100 | D119: 16 | E119: 200000 | X119: 10 | Y119: 125000
D120: 12 | E120: 150000
D122: 16 | E122: 200000
A123: 45746 | F123: 39.26 | G123: 392600 | J123: 29.84 | K123: 298400
A127: 45747
A131: TOTAL | C131: =SUM(C7:C130) -> 7124700 | E131: =SUM(E7:E130) -> 550000 | G131: =SUM(G7:G130) -> 7401000 | I131: =SUM(I7:I130) -> 0 | K131: =SUM(K7:K130) -> 6275600 | M131: =SUM(M7:M130) -> 1088000 | O131: =SUM(O7:O130) -> 1598884 | Q131: =SUM(Q7:Q130) -> 2064000 | S131: =SUM(S7:S130) -> 0 | U131: =SUM(U7:U130) -> 807840 | W131: =SUM(W7:W130) -> 0 | Y131: =SUM(Y7:Y130) -> 1931000 | AA131: =SUM(AA7:AA130) -> 484632 | AC131: =SUM(AC7:AC130) -> 1100000 | AD131: =SUM(B131:AC131) -> 30425656
B132: =SUM(B7:B130) -> 712.47 | D132: =SUM(D7:D130) -> 44 | F132: =SUM(F7:F131) -> 740.1 | H132: =SUM(H7:H130) -> 0 | J132: =SUM(J7:J131) -> 627.56 | L132: =SUM(L7:L131) -> 160 | N132: =SUM(N7:N131) -> 235.13 | P132: =SUM(P7:P131) -> 160 | R132: =SUM(R7:R131) -> 0 | T132: =SUM(T7:T131) -> 118.8 | V132: =SUM(V7:V131) -> 0 | X132: =SUM(X7:X131) -> 150 | Z132: =SUM(Z7:Z131) -> 71.27 | AB132: =SUM(AB6:AB131) -> 110 | AD132: =SUM(B132:AC132) -> 3129.33
A136: LAPORAN KONSUMSI BBM KENDARAAN DINAS PT PELINDO DAYA SEJAHTERA PERIODE MARET 2025
A138: MAS RAJIP | X138: REGIONAL
A139: TANGGAL | B139: PORT SECURITY PERAK | H139: SEPEDA MOTOR OPS PORT SECURITY | X139: OPERASIONAL KANTOR PUSAT PTPDS | Z139: GRAND TOTAL
B140: L 9554 BW | D140: L 9560 BW | F140: L 9644 CM | H140: B 4940 TUD | J140: B 4498 TVA | L140: L 6552 ZZ (SPMT) | N140: L 6548 ZZ (SPMT) | P140: L 5198 PU | R140: L 5198 PU | T140: KB 4836 MT | V140: B 4834 MT (SPMT) | X140: B 2072 PZG
B141: Solar | C141: Rp | D141: Solar | E141: Rp | F141: Pert.Dex | G141: Rp | H141: pertalie | I141: Rp | J141: pertalie | K141: Rp | L141: pertalie | M141: Rp | N141: pertalite | O141: Rp | P141: pertalite | Q141: Rp | R141: pertamax | S141: Rp | T141: pertalite | U141: Rp | V141: pertalite | W141: Rp | X141: Liter | Y141: Rp
A143: 45717
A145: 45718 | H145: 10 | I145: 100000
A147: 45719 | B147: 58.76 | C147: 399568 | H147: 10 | I147: 100000 | J147: 10 | K147: 100000 | T147: 10 | U147: 100000
X148: 40.46 | Y148: 404600
A149: 45720 | D149: 59.84 | E149: 406912 | L149: 10 | M149: 100000 | N149: 10 | O149: 100000
L150: 10 | M150: 100000
A151: 45721 | B151: 58.72 | C151: 399296 | D151: 59.82 | E151: 406776 | H151: 10 | I151: 100000 | J151: 10 | K151: 100000 | L151: 10 | M151: 100000 | N151: 10 | O151: 100000 | T151: 10 | U151: 100000
L152: 10 | M152: 100000
A153: 45722 | B153: 52.52 | C153: 357140 | D153: 39.71 | E153: 270028
A155: 45723 | B155: 58.79 | C155: 399772 | J155: 10 | K155: 100000 | T155: 10 | U155: 100000
A157: 45724 | D157: 59.88 | E157: 407184 | H157: 10 | I157: 100000 | J157: 10 | K157: 100000 | L157: 10 | M157: 100000 | N157: 10 | O157: 100000
L158: 10 | M158: 100000
A159: 45725
A161: 45726 | N161: 8.67 | O161: 86700
A163: 45727 | L163: 10 | M163: 100000 | V163: 10 | W163: 100000
A165: 45728 | H165: 10 | I165: 100000 | J165: 10 | K165: 100000 | L165: 10 | M165: 100000 | N165: 10 | O165: 100000 | T165: 10 | U165: 100000
A167: 45729 | B167: 58.41 | C167: 397188 | D167: 58.25 | E167: 396100
A169: 45730 | B169: 58.76 | C169: 399568 | D169: 59.87 | E169: 407116 | H169: 10 | I169: 100000 | J169: 10 | K169: 100000 | L169: 10 | M169: 100000 | N169: 10 | O169: 100000 | T169: 10 | U169: 100000
J170: 10 | K170: 100000 | L170: 10 | M170: 100000
A171: 45731
A173: 45732
A175: 45733 | B175: 58.73 | C175: 399364 | D175: 59.82 | E175: 406776 | H175: 10 | I175: 100000 | J175: 10 | K175: 100000 | L175: 10 | M175: 100000 | N175: 10 | O175: 100000 | T175: 10 | U175: 100000
L176: 10 | M176: 100000
A177: 45734 | N177: 10 | O177: 100000
A179: 45735
A181: 45736 | B181: 58.75 | C181: 399500 | D181: 57.26 | E181: 389368 | H181: 10 | I181: 100000 | J181: 10 | K181: 100000 | L181: 10 | M181: 100000 | N181: 10 | O181: 100000 | T181: 10 | U181: 100000 | V181: 9.91 | W181: 99100
D182: 59.82 | E182: 406776 | L182: 10 | M182: 100000
A183: 45737 | B183: 57.03 | C183: 387800 | L183: 10 | M183: 100000 | N183: 10 | O183: 100000
L184: 10 | M184: 100000
A185: 45738 | B185: 58.72 | C185: 399296 | D185: 59.8 | E185: 406640 | H185: 10 | I185: 100000 | J185: 10 | K185: 100000 | L185: 10 | M185: 100000 | N185: 10 | O185: 100000 | T185: 10 | U185: 100000
L186: 10 | M186: 100000
A187: 45739 | L187: 10 | M187: 100000
A189: 45740 | B189: 58.76 | C189: 399568 | D189: 59.85 | E189: 406980 | H189: 10 | I189: 100000 | J189: 10 | K189: 100000 | L189: 10 | M189: 100000 | N189: 10 | O189: 100000 | T189: 10 | U189: 100000
H190: 10 | I190: 100000 | L190: 10 | M190: 100000
A191: 45741
A193: 45742 | B193: 58.7 | C193: 399160 | D193: 59.8 | E193: 406640 | H193: 10 | I193: 100000 | J193: 10 | K193: 100000 | L193: 10 | M193: 100000 | N193: 10 | O193: 100000 | T193: 10 | U193: 100000
L194: 10 | M194: 100000
A195: 45743
A197: 45744 | D197: 60 | E197: 408000
A199: 45745 | R199: 12.21 | S199: 152630
A201: 45746 | B201: 50.71 | C201: 344830
A203: 45747 | B203: 59.37 | C203: 403716 | D203: 58.76 | E203: 399568 | H203: 10 | I203: 100000 | J203: 10 | K203: 100000 | L203: 10 | M203: 100000 | N203: 10 | O203: 100000 | T203: 10 | U203: 100000
L204: 10 | M204: 100000
A205: TOTAL | C205: =SUM(C143:C204) -> 5485766 | E205: =SUM(E142:E204) -> 5524864 | G205: =SUM(G142:G204) -> 0 | I205: =SUM(I143:I204) -> 1300000 | K205: =SUM(K142:K204) -> 1300000 | M205: =SUM(M143:M204) -> 2500000 | O205: =SUM(O143:O204) -> 1386700 | Q205: =SUM(Q143:Q204) -> 0 | S205: =SUM(S143:S204) -> 152630 | U205: =SUM(U143:U204) -> 1100000 | W205: =SUM(W143:W204) -> 199100 | Y205: =SUM(Y143:Y204) -> 404600 | Z205: =SUM(B205:Y205) -> 19353660
B206: =SUM(B143:B204) -> 806.73 | D206: =SUM(D142:D204) -> 812.48 | F206: =SUM(F142:F204) -> 0 | H206: =SUM(H143:H204) -> 130 | J206: =SUM(J142:J204) -> 130 | L206: =SUM(L143:L204) -> 250 | N206: =SUM(N143:N204) -> 138.67 | P206: =SUM(P143:P204) -> 0 | R206: =SUM(R143:R204) -> 12.21 | T206: =SUM(T143:T204) -> 110 | V206: =SUM(V142:V204) -> 19.91 | X206: =SUM(X143:X204) -> 40.46 | Z206: =SUM(B206:Y206) -> 2450.46
Z207: =Z205+AD131 -> 49779316
A208: Terbilang: | B208: Empat puluh sembilan juta tujuh ratus tujuh puluh sembilan ribu tiga ratus enam belas rupiah
Q209: REGOINAL MANAGER JAWA | AA209: 49779316
AA210: =AA209-Z207 -> 0
Q214: MAHAR BAGUS UTOMO
Y216: 41497072 | Z216: =Y216-Z207 -> -8282244 | AF216: =Z207-AF220 -> 84846
C217: Hantaran | E217: Keb TPS | G217: Keb Taman Perak | I217: Security | M217: Ops Kantor | O217: Grand Total
...

Sheet FEBRUARI 2025
A1: LAPORAN KONSUMSI BBM KENDARAAN DINAS PT PELINDO DAYA SEJAHTERA
A2: PERIODE FEBRUARI 2025
A3: SUGENG | V3: MAS WAFI
A4: TANGGAL | B4: HANTARAN OPERATOR ITV TPS | L4: OPERASIONAL KEBERSHAN TPS | V4: SAPU JALAN PERAK BARAT | X4: PENYIRAMAN PERAK | Z4: SAPU JALAN (SPMT) | AB4: KEBERSIHAN PERAK | AF4: SAPU JALAN | AH4: GRAND TOTAL
B5: L 1941 OL (L 1873 SB) | D5: L 1941 OL (L 1873 SB) | F5: L 1536 MZ (L 1388 PC) | H5: L 1536 MZ (L 1388 PC) | J5: L 1838 ZB (L 1641 PA) | L5: L 8203 AF | N5: L 9910 BR | P5: L 9910 BR | R5: L 9034 BU | T5: L 9078 BU | V5: pertalite | W5: L 9662 NK | X5: pertamax | Y5: L 9664 NK | Z5: Solar | AA5: AE 8719 SQ/L 8393 LT | AB5: pertalite | AC5: L 8065 TR | AD5: pertalite | AE5: L 1659 U | AF5: pertalite | AG5: L 3098 LG
B6: Pertalite | C6: Rp | D6: Pertamax | E6: Rp | F6: Pertalite | G6: Rp | H6: Pertamax Turbo | I6: Rp | J6: Pertalite | K6: Rp | L6: solar | M6: Rp | N6: solar | O6: Rp | P6: pertamax | Q6: Rp | R6: Pertamina Dex | S6: Rp | T6: Solar | U6: Rp | V6: Liter | W6: Rp | X6: Liter | Y6: Rp | Z6: Liter | AA6: Rp | AB6: Liter | AC6: Rp | AD6: liter | AE6: Rp | AF6: Liter | AG6: Rp
A7: 45689
B8: 27.81 | C8: 278100 | F8: 27.57 | G8: 275700 | J8: 22.79 | K8: 227900 | N8: 52.28 | O8: 355504 | X8: 20 | Y8: 258000
A11: 45690 | B11: 31.06 | C11: 310600 | F11: 29.53 | G11: 295300 | J11: 12.18 | K11: 121800
A15: 45691 | B15: 32.64 | C15: 326400 | F15: 29.92 | G15: 299200 | J15: 17.68 | K15: 176800 | T15: 20 | U15: 136000
A19: 45692 | B19: 27.57 | C19: 275700 | F19: 27.26 | G19: 272600 | J19: 16.04 | K19: 160400 | L19: 20 | M19: 136000 | P19: 20 | Q19: 258000 | AB19: 20 | AC19: 200000
AB20: 25 | AC20: 250000
A23: 45693 | B23: 33.86 | C23: 338600 | F23: 31.29 | G23: 312900 | J23: 19.45 | K23: 194500
A27: 45694 | B27: 29.79 | C27: 297900 | F27: 30.7 | G27: 307000 | J27: 16.53 | K27: 165300 | T27: 20 | U27: 136000 | X27: 20 | Y27: 258000
A31: 45695 | B31: 27.97 | C31: 279700 | F31: 27.39 | G31: 273900 | J31: 16.87 | K31: 168700 | L31: 20 | M31: 136000 | N31: 20 | O31: 136000
A35: 45696 | B35: 20.29 | C35: 202900 | F35: 25.87 | G35: 258700 | J35: 13.89 | K35: 138900
A39: 45697 | B39: 25.93 | C39: 259300 | F39: 23.12 | G39: 231200 | J39: 24.37 | K39: 243700 | N39: 58.66 | O39: 398900
A43: 45698 | B43: 29.54 | C43: 295400 | F43: 30.96 | G43: 309600 | J43: 23.78 | K43: 237800 | L43: 20 | M43: 136000 | P43: 20 | Q43: 258000 | X43: 20 | Y43: 258000 | AB43: 20 | AC43: 200000
AB44: 25 | AC44: 250000
A47: 45699 | B47: 23.82 | C47: 238200 | F47: 23.25 | G47: 232500 | J47: 21.24 | K47: 212400
A51: 45700 | B51: 29.48 | C51: 294800 | F51: 24.54 | G51: 245400 | J51: 19.01 | K51: 190100 | X51: 20 | Y51: 258000
A55: 45701 | B55: 30.57 | C55: 305700 | F55: 25.32 | G55: 253200 | J55: 20.93 | K55: 209300 | L55: 20 | M55: 136000 | Z55: 29.53 | AA55: 200804
A59: 45702 | F59: 11.2 | G59: 112000 | J59: 26.43 | K59: 264300 | N59: 20 | O59: 136000 | T59: 20 | U59: 136000
A63: 45703 | B63: 41.69 | C63: 416900 | F63: 28.83 | G63: 288300 | J63: 17.6 | K63: 176000 | N63: 20 | O63: 136000 | X63: 20 | Y63: 258000
A67: 45704 | B67: 30.2 | C67: 302000 | F67: 25.5 | G67: 255000 | J67: 18.11 | K67: 181100
A71: 45705 | B71: 29.41 | C71: 294100 | F71: 28.17 | G71: 281700 | J71: 21.4 | K71: 214000 | L71: 20 | M71: 136000 | N71: 58.29 | O71: 396370 | P71: 20 | Q71: 258000 | AB71: 20 | AC71: 200000
A75: 45706 | B75: 33.93 | C75: 339300 | F75: 26.37 | G75: 263700 | J75: 25.43 | K75: 254300 | AB75: 25 | AC75: 250000
A79: 45707 | B79: 26.83 | C79: 268300 | F79: 29.41 | G79: 294100 | J79: 22.32 | K79: 223200 | T79: 20 | U79: 136000 | X79: 20 | Y79: 258000
A83: 45708 | B83: 36.22 | C83: 362200 | F83: 29.7 | G83: 297000 | J83: 25.09 | K83: 250900 | L83: 20 | M83: 136000 | N83: 20 | O83: 136000
A87: 45709 | B87: 32.08 | C87: 320800 | F87: 28.72 | G87: 287200 | J87: 18.67 | K87: 186700
A91: 45710 | B91: 34.01 | C91: 340100 | F91: 26.35 | G91: 263500 | J91: 23.04 | K91: 230400 | X91: 20 | Y91: 258000
A95: 45711 | B95: 32.33 | C95: 323300 | F95: 29.07 | G95: 290700 | J95: 23.34 | K95: 233400 | T95: 20 | U95: 136000
A99: 45712 | B99: 37.9 | C99: 379000 | F99: 27.42 | G99: 274200 | J99: 22.25 | K99: 222500 | L99: 20 | M99: 136000 | P99: 20 | Q99: 258000 | AB99: 20 | AC99: 200000
AB100: 10 | AC100: 100000
A103: 45713 | B103: 29.05 | C103: 290500 | F103: 26.25 | G103: 262500 | J103: 16.27 | K103: 162700
T104: 20 | U104: 136000
A107: 45714 | B107: 29.79 | C107: 297900 | F107: 35.33 | G107: 353300 | J107: 19.02 | K107: 190200 | AB107: 10 | AC107: 100000
A111: 45715 | B111: 26.14 | C111: 261400 | F111: 25.87 | G111: 258700 | J111: 18.3 | K111: 183000 | L111: 20 | M111: 136000 | N111: 20 | O111: 136000 | P111: 20 | Q111: 258000 | X111: 20 | Y111: 258000 | AB111: 20 | AC111: 200000
A115: 45716 | B115: 37.83 | C115: 378300 | F115: 35.81 | G115: 358100 | J115: 17.84 | K115: 178400
Z118: 33.64 | AA118: 228752
A120: TOTAL | C120: =SUM(C7:C119) -> 8277400 | E120: =SUM(E7:E119) -> 0 | G120: =SUM(G7:G119) -> 7707200 | I120: =SUM(I7:I119) -> 0 | K120: =SUM(K7:K119) -> 5598700 | M120: =SUM(M7:M119) -> 1088000 | O120: =SUM(O7:O119) -> 1830774 | Q120: =SUM(Q7:Q119) -> 1290000 | S120: =SUM(S7:S119) -> 0 | U120: =SUM(U7:U119) -> 816000 | W120: =SUM(W7:W119) -> 0 | Y120: =SUM(Y7:Y119) -> 2064000 | AA120: =SUM(AA7:AA119) -> 429556 | AC120: =SUM(AC7:AC119) -> 1950000 | AE120: =SUM(AE7:AE119) -> 0 | AG120: =SUM(AG7:AG119) -> 0 | AH120: =SUM(B120:AG120) -> 31051630
B121: =SUM(B7:B119) -> 827.74 | D121: =SUM(D7:D119) -> 0 | F121: =SUM(F7:F120) -> 770.72 | H121: =SUM(H7:H119) -> 0 | J121: =SUM(J7:J120) -> 559.87 | L121: =SUM(L7:L120) -> 160 | N121: =SUM(N7:N120) -> 269.23 | P121: =SUM(P7:P120) -> 100 | R121: =SUM(R7:R120) -> 0 | T121: =SUM(T7:T120) -> 120 | V121: =SUM(V7:V120) -> 0 | X121: =SUM(X7:X120) -> 160 | Z121: =SUM(Z7:Z120) -> 63.17 | AB121: =SUM(AB6:AB120) -> 195 | AD121: =SUM(AD7:AD120) -> 0 | AF121: =SUM(AF7:AF120) -> 0 | AH121: =SUM(B121:AG121) -> 3225.73
A125: LAPORAN KONSUMSI BBM KENDARAAN DINAS PT PELINDO DAYA SEJAHTERA PERIODE FEBRUARI 2025
A127: MAS RAJIP | X127: REGIONAL
A128: TANGGAL | B128: PORT SECURITY PERAK | H128: SEPEDA MOTOR OPS PORT SECURITY | X128: OPERASIONAL KANTOR PUSAT PTPDS | Z128: GRAND TOTAL
B129: L 9554 BW | D129: L 9560 BW | F129: L 9644 CM | H129: B 4940 TUD | J129: B 4498 TVA | L129: L 6552 ZZ (SPMT) | N129: L 6548 ZZ (SPMT) | P129: L 5198 PU | R129: L 5198 PU | T129: KB 4836 MT | V129: B 4834 MT (SPMT) | X129: B 2072 PZG
B130: Solar | C130: Rp | D130: Solar | E130: Rp | F130: Pert.Dex | G130: Rp | H130: pertalie | I130: Rp | J130: pertalie | K130: Rp | L130: pertalie | M130: Rp | N130: pertalite | O130: Rp | P130: pertalite | Q130: Rp | R130: pertamax | S130: Rp | T130: pertalite | U130: Rp | V130: pertalite | W130: Rp | X130: Liter | Y130: Rp
A132: 45689
A134: 45690 | D134: 48.67 | E134: 330956
A136: 45691 | J136: 10 | K136: 100000
A138: 45692 | J138: 10 | K138: 100000
A140: 45693 | B140: 51.7 | C140: 351560 | D140: 53.6 | E140: 364480 | H140: 10 | I140: 100000 | L140: 10 | M140: 100000 | N140: 10 | O140: 100000 | T140: 10 | U140: 100000
L141: 10 | M141: 100000
A142: 45694 | B142: 58.74 | C142: 399432 | D142: 59.63 | E142: 405484 | H142: 10 | I142: 100000 | J142: 10 | K142: 100000 | L142: 10 | M142: 100000 | N142: 10 | O142: 100000 | T142: 10 | U142: 100000
A144: 45695
A146: 45696 | B146: 60 | C146: 408000 | J146: 10 | K146: 100000
A148: 45697 | B148: 58.7 | C148: 399160 | D148: 59.6 | E148: 405280 | H148: 10 | I148: 100000 | L148: 10 | M148: 100000 | N148: 10 | O148: 100000 | T148: 10 | U148: 100000
A150: 45698 | D150: 42.45 | E150: 288660 | J150: 10 | K150: 100000 | T150: 8.95 | U150: 89500
A152: 45699 | V152: 9 | W152: 90000
A154: 45700 | B154: 58.7 | C154: 399160 | D154: 59.6 | E154: 405280 | H154: 10 | I154: 100000 | J154: 10 | K154: 100000 | L154: 10 | M154: 100000 | N154: 10 | O154: 100000 | T154: 10 | U154: 100000
H155: 10 | I155: 100000
A156: 45701
A158: 45702 | B158: 58.79 | C158: 399772 | D158: 59.68 | E158: 405824 | H158: 10 | I158: 100000 | J158: 10 | K158: 100000 | L158: 10 | M158: 100000 | N158: 10 | O158: 100000 | T158: 10 | U158: 100000
L159: 10 | M159: 100000
A160: 45703
A162: 45704 | B162: 58.7 | C162: 399160 | D162: 59.6 | E162: 405280 | H162: 10 | I162: 100000 | J162: 10 | K162: 100000 | L162: 10 | M162: 100000 | T162: 10 | U162: 100000
L163: 10 | M163: 100000
A164: 45705 | B164: 57.54 | C164: 391272 | D164: 53.88 | E164: 366384 | R164: 11.09 | S164: 143061
A166: 45706
A168: 45707 | B168: 58.77 | C168: 399636 | D168: 59.64 | E168: 405552 | H168: 10 | I168: 100000 | J168: 10 | K168: 100000 | L168: 10 | M168: 100000 | N168: 10 | O168: 100000 | T168: 10 | U168: 100000
N169: 10 | O169: 100000 | T169: 7 | U169: 70000
A170: 45708
A172: 45709 | B172: 58.7 | C172: 399160 | D172: 59.65 | E172: 405620 | H172: 10 | I172: 100000 | J172: 10 | K172: 100000 | L172: 10 | M172: 100000 | N172: 10 | O172: 100000 | T172: 10 | U172: 100000
L173: 10 | M173: 100000
A174: 45710
A176: 45711
A178: 45712 | B178: 58.74 | C178: 399432 | D178: 59.63 | E178: 405484 | H178: 10 | I178: 100000 | J178: 10 | K178: 100000 | L178: 10 | M178: 100000 | N178: 10 | O178: 100000 | T178: 10 | U178: 100000
L179: 10 | M179: 100000
A180: 45713
A182: 45714 | B182: 57.39 | C182: 390250 | D182: 57.03 | E182: 387804 | P182: 10 | Q182: 100000
A184: 45715 | V184: 9 | W184: 90000
A186: 45716 | B186: 58.75 | C186: 399500 | D186: 59.82 | E186: 406776 | H186: 10 | I186: 100000 | J186: 10 | K186: 100000 | L186: 10 | M186: 100000 | N186: 10 | O186: 100000 | T186: 10 | U186: 100000
L187: 10 | M187: 100000 | N187: 10 | O187: 100000 | T187: 10 | U187: 100000
A188: TOTAL | C188: =SUM(C132:C187) -> 5135494 | E188: =SUM(E131:E187) -> 5388864 | G188: =SUM(G131:G187) -> 0 | I188: =SUM(I132:I187) -> 1100000 | K188: =SUM(K131:K187) -> 1200000 | M188: =SUM(M132:M187) -> 1600000 | O188: =SUM(O132:O187) -> 1100000 | Q188: =SUM(Q132:Q187) -> 100000 | S188: =SUM(S132:S187) -> 143061 | U188: =SUM(U132:U187) -> 1259500 | W188: =SUM(W132:W187) -> 180000 | Y188: =SUM(Y132:Y187) -> 0 | Z188: =SUM(B188:Y188) -> 17206919
B189: =SUM(B132:B187) -> 755.22 | D189: =SUM(D131:D187) -> 792.48 | F189: =SUM(F131:F187) -> 0 | H189: =SUM(H132:H187) -> 110 | J189: =SUM(J131:J187) -> 120 | L189: =SUM(L132:L187) -> 160 | N189: =SUM(N132:N187) -> 110 | P189: =SUM(P132:P187) -> 10 | R189: =SUM(R132:R187) -> 11.09 | T189: =SUM(T132:T187) -> 125.95 | V189: =SUM(V131:V187) -> 18 | X189: =SUM(X132:X187) -> 0 | Z189: =SUM(B189:Y189) -> 2212.74
Z190: =Z188+AH120 -> 48258549
A191: Terbilang: | B191: Empat puluh delapan juta dua ratus lima puluh delapan ribu lima ratus empat puluh sembilan rupiah
Q192: REGOINAL MANAGER JAWA | AA192: =AA196-Z190 -> 2990385 | AC192: 48258549
AC193: =AC192-Z190 -> 0
AA196: 51248934
Q197: MAHAR BAGUS UTOMO
Y199: 41497072 | Z199: =Y199-Z190 -> -6761477 | AF199: =Z190-AF203 -> -1435921
C200: Hantaran | E200: Keb TPS | G200: Keb Taman Perak | I200: Security | M200: Ops Kantor | O200: Grand Total
C201: Liter | D201: Rp | E201: Liter | F201: Rp | G201: Liter | H201: Rp | I201: Liter | L201: Rp | M201: Liter | N201: Rp | O201: Liter | P201: Rp
C202: =B121 -> 827.74 | D202: =C120 -> 8277400 | E202: =L121 -> 160 | F202: =M120 -> 1088000 | G202: =V121 -> 0 | H202: =W120 -> 0 | I202: =B189 -> 755.22 | L202: =C188 -> 5135494 | M202: =V189 -> 18 | N202: =W188 -> 180000
C203: =F121 -> 770.72 | D203: =G120 -> 7707200 | E203: =#REF! -> #REF! | F203: =#REF! -> #REF! | G203: =X121 -> 160 | H203: =Y120 -> 2064000 | I203: =D189 -> 792.48 | L203: =E188 -> 5388864 | AF203: 49694470
C204: =#REF! -> #REF! | D204: =#REF! -> #REF! | E204: =T121 -> 120 | F204: =U120 -> 816000 | G204: =Z121 -> 63.17 | H204: =AA120 -> 429556 | I204: =#REF! -> #REF! | L204: =#REF! -> #REF!
G205: =AB121 -> 195 | H205: =AC120 -> 1950000 | I205: =H189 -> 110 | L205: =I188 -> 1100000
G206: =AD121 -> 0 | H206: =AE120 -> 0 | I206: =J189 -> 120 | L206: =K188 -> 1200000
G207: =AF121 -> 0 | H207: =AG120 -> 0 | I207: =P189 -> 10 | L207: =Q188 -> 100000
...

Sheet JANUARI 2025
A1: LAPORAN KONSUMSI BBM KENDARAAN DINAS PT PELINDO DAYA SEJAHTERA
A2: PERIODE JANUARI 2025
A3: SUGENG | V3: MAS WAFI
A4: TANGGAL | B4: HANTARAN OPERATOR ITV TPS | L4: OPERASIONAL KEBERSHAN TPS | V4: SAPU JALAN PERAK BARAT | X4: PENYIRAMAN PERAK | Z4: SAPU JALAN (SPMT) | AB4: KEBERSIHAN PERAK | AF4: SAPU JALAN | AH4: GRAND TOTAL
B5: L 1941 OL (L 1873 SB) | D5: L 1941 OL (L 1873 SB) | F5: L 1536 MZ (L 1388 PC) | H5: L 1536 MZ (L 1388 PC) | J5: L 1838 ZB (L 1641 PA) | L5: L 8203 AF | N5: L 9910 BR | P5: L 9910 BR | R5: L 9034 BU | T5: L 9078 BU | V5: pertalite | W5: L 9662 NK | X5: pertamax | Y5: L 9664 NK | Z5: Solar | AA5: AE 8719 SQ/L 8393 LT | AB5: pertalite | AC5: L 8065 TR | AD5: pertalite | AE5: L 1659 U | AF5: pertalite | AG5: L 3098 LG
B6: Pertalite | C6: Rp | D6: Pertamax | E6: Rp | F6: Pertalite | G6: Rp | H6: Pertamax Turbo | I6: Rp | J6: Pertalite | K6: Rp | L6: solar | M6: Rp | N6: solar | O6: Rp | P6: pertamax | Q6: Rp | R6: Pertamina Dex | S6: Rp | T6: Solar | U6: Rp | V6: Liter | W6: Rp | X6: Liter | Y6: Rp | Z6: Liter | AA6: Rp | AB6: Liter | AC6: Rp | AD6: liter | AE6: Rp | AF6: Liter | AG6: Rp
A7: 45658 | B7: 28.62 | C7: 286200 | F7: 33.39 | G7: 333900 | J7: 24.1 | K7: 241000
A11: 45659 | B11: 29.93 | C11: 299300 | F11: 30.53 | G11: 305300 | J11: 17.26 | K11: 172600 | L11: 20 | M11: 136000 | N11: 20 | O11: 136000 | T11: 20 | U11: 136000
A15: 45660 | B15: 29.35 | C15: 293500 | F15: 26.8 | G15: 268000 | J15: 23.55 | K15: 235500 | P15: 20 | Q15: 250000 | X15: 20 | Y15: 250000 | AF15: 25 | AG15: 250000
V16: 20 | W16: 200000
A19: 45661 | B19: 30.03 | C19: 300300 | F19: 31.65 | G19: 316500 | J19: 23.75 | K19: 237500 | N19: 50.84 | O19: 345750
A23: 45662 | B23: 28.37 | C23: 283700 | F23: 26.47 | G23: 264700 | J23: 20.8 | K23: 208000
A27: 45663 | B27: 29.86 | C27: 298600 | F27: 30.23 | G27: 302300 | J27: 25.98 | K27: 259800 | L27: 20 | M27: 136000 | T27: 20 | U27: 136000
A31: 45664 | B31: 27.47 | C31: 274700 | F31: 34.69 | G31: 346900 | J31: 21.51 | K31: 215100
A35: 45665 | B35: 28.01 | C35: 280100 | F35: 26.6 | G35: 266000 | J35: 23.85 | K35: 238500 | P35: 20 | Q35: 250000
X36: 20 | Y36: 250000
A39: 45666 | B39: 28.03 | C39: 280300 | F39: 31.31 | G39: 313100 | J39: 19.18 | K39: 191800 | L39: 20 | M39: 136000 | T39: 20 | U39: 136000
A43: 45667 | B43: 29.2 | C43: 292000 | J43: 33.19 | K43: 331900 | V43: 20 | W43: 200000
P44: 20 | Q44: 250000 | T44: 48.56 | U44: 330208 | AF44: 20 | AG44: 200000
A47: 45668 | B47: 31.43 | C47: 314300 | F47: 16.94 | G47: 169400 | J47: 29.76 | K47: 297600
A51: 45669 | B51: 32.69 | C51: 326900 | F51: 31.79 | G51: 317900 | J51: 26.99 | K51: 269900 | L51: 20 | M51: 136000
A55: 45670 | B55: 26.57 | C55: 265700 | F55: 25.09 | G55: 250900 | T55: 20 | U55: 136000
A59: 45671 | B59: 28.42 | C59: 284200 | F59: 28.6 | G59: 286000 | J59: 28.2 | K59: 282000 | N59: 20 | O59: 136000 | P59: 20 | Q59: 250000 | AD59: 20 | AE59: 200000
A63: 45672 | B63: 28.64 | C63: 286400 | F63: 29.21 | G63: 292100 | J63: 19.26 | K63: 192600 | L63: 20 | M63: 136000 | N63: 20 | O63: 136000 | X63: 20 | Y63: 250000
A67: 45673 | B67: 38.35 | C67: 383500 | F67: 33.06 | G67: 330600 | J67: 18.12 | K67: 181200 | AF67: 25 | AG67: 250000
A71: 45674 | B71: 28.15 | C71: 281500 | F71: 31.83 | G71: 318300 | J71: 20.43 | K71: 204300 | N71: 20 | O71: 136000
A75: 45675 | B75: 23.85 | C75: 238500 | F75: 29.55 | G75: 295500 | J75: 25.04 | K75: 250400 | L75: 20 | M75: 136000 | T75: 60 | U75: 408000 | X75: 20 | Y75: 250000
A79: 45676 | B79: 28.23 | C79: 282300 | F79: 27.64 | G79: 276400 | J79: 20.35 | K79: 203500 | N79: 20 | O79: 136000
A83: 45677 | B83: 24.78 | C83: 247800 | F83: 26.13 | G83: 261300 | J83: 18.48 | K83: 184800 | Z83: 28.17 | AA83: 191556
A87: 45678 | B87: 36.57 | C87: 365700 | F87: 35.59 | G87: 355900 | J87: 36.7 | K87: 367000 | P87: 20 | Q87: 250000 | AB87: 20 | AC87: 200000
N88: 54.38 | O88: 369784
A91: 45679 | B91: 31.28 | C91: 312800 | F91: 36.88 | G91: 368800 | L91: 20 | M91: 136000
X92: 20 | Y92: 250000
A95: 45680 | B95: 24.9 | C95: 249000 | F95: 31.74 | G95: 317400 | J95: 37.53 | K95: 375300
A99: 45681 | B99: 29.65 | C99: 296500 | F99: 30 | G99: 300000 | J99: 15.33 | K99: 153300 | P99: 20 | Q99: 250000 | T99: 20 | U99: 136000 | X99: 20 | Y99: 250000
A103: 45682 | B103: 28.06 | C103: 280600 | F103: 38.45 | G103: 384500 | J103: 26.65 | K103: 266500 | L103: 20 | M103: 136000
A107: 45683 | B107: 42.4 | C107: 424000 | F107: 35.13 | G107: 351300 | H107: 10.94 | I107: 150000
A111: 45684 | F111: 15.06 | G111: 150600 | J111: 38.44 | K111: 384400
A115: 45685 | F115: 34.12 | G115: 341200 | J115: 18.64 | K115: 186400 | V115: 20 | W115: 200000 | Z115: 32.06 | AA115: 218008
B116: 39.47 | C116: 394700 | AF116: 25 | AG116: 250000
A119: 45686 | B119: 28.3 | C119: 283000 | F119: 23.61 | G119: 236100
A123: 45687 | B123: 24.96 | C123: 249600 | F123: 23.95 | G123: 239500 | J123: 23.61 | K123: 236100
A127: 45688 | B127: 19.56 | C127: 195600 | F127: 24.6 | G127: 246000 | J127: 10 | K127: 100000 | L127: 20 | M127: 136000 | N127: 20 | O127: 136000 | P127: 20 | Q127: 250000
A132: TOTAL | C132: =SUM(C7:C131) -> 8851300 | E132: =SUM(E7:E131) -> 0 | G132: =SUM(G7:G131) -> 8806400 | I132: =SUM(I7:I131) -> 150000 | K132: =SUM(K7:K131) -> 6467000 | M132: =SUM(M7:M131) -> 1224000 | O132: =SUM(O7:O131) -> 1531534 | Q132: =SUM(Q7:Q131) -> 1750000 | S132: =SUM(S7:S131) -> 0 | U132: =SUM(U7:U131) -> 1418208 | W132: =SUM(W7:W131) -> 600000 | Y132: =SUM(Y7:Y131) -> 1500000 | AA132: =SUM(AA7:AA131) -> 409564 | AC132: =SUM(AC7:AC131) -> 200000 | AE132: =SUM(AE7:AE131) -> 200000 | AG132: =SUM(AG7:AG131) -> 950000 | AH132: =SUM(B132:AG132) -> 34058006
B133: =SUM(B7:B131) -> 885.13 | D133: =SUM(D7:D131) -> 0 | F133: =SUM(F7:F132) -> 880.64 | H133: =SUM(H7:H131) -> 10.94 | J133: =SUM(J7:J132) -> 646.7 | L133: =SUM(L7:L132) -> 180 | N133: =SUM(N7:N132) -> 225.22 | P133: =SUM(P7:P132) -> 140 | R133: =SUM(R7:R132) -> 0 | T133: =SUM(T7:T132) -> 208.56 | V133: =SUM(V7:V132) -> 60 | X133: =SUM(X7:X132) -> 120 | Z133: =SUM(Z7:Z132) -> 60.23 | AB133: =SUM(AB6:AB132) -> 20 | AD133: =SUM(AD7:AD132) -> 20 | AF133: =SUM(AF7:AF132) -> 95 | AH133: =SUM(B133:AG133) -> 3552.42
A137: LAPORAN KONSUMSI BBM KENDARAAN DINAS PT PELINDO DAYA SEJAHTERA
A138: PERIODE JANUARI 2025
A139: MAS RAJIP | X139: REGIONAL
A140: TANGGAL | B140: PORT SECURITY PERAK | H140: SEPEDA MOTOR OPS PORT SECURITY | X140: OPERASIONAL KANTOR PUSAT PTPDS | Z140: GRAND TOTAL
B141: L 9554 BW | D141: L 9560 BW | F141: L 9644 CM | H141: B 4940 TUD | J141: B 4498 TVA | L141: L 6552 ZZ (SPMT) | N141: L 6548 ZZ (SPMT) | P141: L 5198 PU | R141: L 5198 PU | T141: KB 4836 MT | V141: B 4834 MT (SPMT) | X141: B 2072 PZG
B142: Solar | C142: Rp | D142: Solar | E142: Rp | F142: Pert.Dex | G142: Rp | H142: pertalie | I142: Rp | J142: pertalie | K142: Rp | L142: pertalie | M142: Rp | N142: pertalite | O142: Rp | P142: pertalite | Q142: Rp | R142: pertamax | S142: Rp | T142: pertalite | U142: Rp | V142: pertalite | W142: Rp | X142: Liter | Y142: Rp
A144: 45658
A146: 45659 | L146: 10 | M146: 100000
A148: 45660 | B148: 51.25 | C148: 348500 | D148: 52.6 | E148: 357680 | H148: 10 | I148: 100000 | J148: 10 | K148: 100000 | N148: 10 | O148: 100000 | T148: 10 | U148: 100000
A150: 45661 | L150: 10 | M150: 100000
A152: 45662 | D152: 56.22 | E152: 382296
A154: 45663 | B154: 54.4 | C154: 369920 | D154: 52.6 | E154: 357680 | J154: 10 | K154: 100000 | N154: 10 | O154: 100000
A156: 45664 | H156: 10 | I156: 100000 | L156: 10 | M156: 100000 | P156: 10 | Q156: 100000 | T156: 10 | U156: 100000
A158: 45665
A160: 45666
A162: 45667 | B162: 52.6 | C162: 357680 | H162: 10 | I162: 100000 | J162: 10 | K162: 100000 | L162: 10 | M162: 100000 | N162: 10 | O162: 100000 | T162: 10 | U162: 100000 | V162: 10 | W162: 100000
A164: 45668 | B164: 58.86 | C164: 400248
A166: 45669
A168: 45670 | B168: 51.73 | C168: 351764 | D168: 53.6 | E168: 364480 | H168: 10 | I168: 100000 | J168: 10 | K168: 100000 | L168: 10 | M168: 100000 | N168: 10 | O168: 100000 | T168: 10 | U168: 100000
A170: 45671
A172: 45672 | H172: 10 | I172: 100000 | J172: 10 | K172: 100000 | L172: 10 | M172: 100000 | N172: 10 | O172: 100000 | T172: 10 | U172: 100000
H173: 10 | I173: 100000
A174: 45673 | B174: 46 | C174: 312800 | D174: 58 | E174: 394400 | P174: 8.66 | Q174: 86600
A176: 45674 | B176: 51.72 | C176: 351696 | D176: 53.62 | E176: 364616 | H176: 10 | I176: 100000 | J176: 10 | K176: 100000 | L176: 10 | M176: 100000 | N176: 10 | O176: 100000 | T176: 10 | U176: 100000
A178: 45675 | B178: 51.17 | C178: 347956 | D178: 53.6 | E178: 364480 | H178: 10 | I178: 100000 | J178: 10 | K178: 100000 | L178: 10 | M178: 100000 | N178: 10 | O178: 100000 | T178: 10 | U178: 100000
A180: 45676 | L180: 10 | M180: 100000
A182: 45677
A184: 45678 | B184: 51.7 | C184: 351560 | D184: 53.6 | E184: 364480 | H184: 10 | I184: 100000 | J184: 10 | K184: 100000 | L184: 10 | M184: 100000 | N184: 10 | O184: 100000 | T184: 10 | U184: 100000 | X184: 38.73 | Y184: 387300
A186: 45679 | B186: 51.7 | C186: 351560 | D186: 53.6 | E186: 364480 | H186: 10 | I186: 100000 | J186: 10 | K186: 100000 | L186: 10 | M186: 100000 | N186: 10 | O186: 100000 | T186: 10 | U186: 100000
A188: 45680 | H188: 10 | I188: 100000 | J188: 10 | K188: 100000 | L188: 10 | M188: 100000 | N188: 10 | O188: 100000 | T188: 10 | U188: 100000 | V188: 8 | W188: 80000
A190: 45681 | B190: 53.7 | C190: 365160 | D190: 59.62 | E190: 405420 | H190: 10 | I190: 100000 | J190: 10 | K190: 100000 | T190: 10 | U190: 100000
A192: 45682
A194: 45683
A196: 45684
A198: 45685 | L198: 10 | M198: 100000
A200: 45686 | B200: 51.7 | C200: 351560 | D200: 53.6 | E200: 364480 | H200: 10 | I200: 100000 | J200: 10 | K200: 100000 | L200: 10 | M200: 100000 | N200: 10 | O200: 100000 | T200: 10 | U200: 100000
H201: 10 | I201: 100000 | T201: 10 | U201: 100000
A202: 45687 | B202: 44.11 | C202: 299948 | L202: 8.41 | M202: 84100
A204: 45688 | B204: 51.07 | C204: 347276 | D204: 53.06 | E204: 360808 | H204: 10 | I204: 100000 | J204: 10 | K204: 100000 | L204: 10 | M204: 100000 | N204: 10 | O204: 100000 | T204: 10 | U204: 100000 | V204: 10 | W204: 100000
A206: TOTAL | C206: =SUM(C144:C205) -> 4907628 | E206: =SUM(E143:E205) -> 4445300 | G206: =SUM(G143:G205) -> 0 | I206: =SUM(I144:I205) -> 1500000 | K206: =SUM(K143:K205) -> 1300000 | M206: =SUM(M144:M205) -> 1584100 | O206: =SUM(O144:O205) -> 1200000 | Q206: =SUM(Q144:Q205) -> 186600 | S206: =SUM(S144:S205) -> 0 | U206: =SUM(U144:U205) -> 1400000 | W206: =SUM(W144:W205) -> 280000 | Y206: =SUM(Y144:Y205) -> 387300 | Z206: =SUM(B206:Y206) -> 17190928
B207: =SUM(B144:B205) -> 721.71 | D207: =SUM(D143:D205) -> 653.72 | F207: =SUM(F143:F205) -> 0 | H207: =SUM(H144:H205) -> 150 | J207: =SUM(J143:J205) -> 130 | L207: =SUM(L144:L205) -> 158.41 | N207: =SUM(N144:N205) -> 120 | P207: =SUM(P144:P205) -> 18.66 | R207: =SUM(R144:R205) -> 0 | T207: =SUM(T144:T205) -> 140 | V207: =SUM(V143:V205) -> 28 | X207: =SUM(X144:X205) -> 38.73 | Z207: =SUM(B207:Y207) -> 2159.23
Z208: =Z206+AH132 -> 51248934
A209: Terbilang: | B209: Lima puluh satu juta dua ratus empat puluh delapan ribu sembilan ratus tiga puluh empat rupiah
Q210: REGOINAL MANAGER JAWA | AA210: =AA214-Z208 -> 0
AA214: 51248934
Q215: MAHAR BAGUS UTOMO
Y217: 41497072 | Z217: =Y217-Z208 -> -9751862 | AF217: =Z208-AF221 -> 1554464
C218: Hantaran | E218: Keb TPS | G218: Keb Taman Perak | I218: Security | M218: Ops Kantor | O218: Grand Total
C219: Liter | D219: Rp | E219: Liter | F219: Rp | G219: Liter | H219: Rp | I219: Liter | L219: Rp | M219: Liter | N219: Rp | O219: Liter | P219: Rp
C220: =B133 -> 885.13 | D220: =C132 -> 8851300 | E220: =L133 -> 180 | F220: =M132 -> 1224000 | G220: =V133 -> 60 | H220: =W132 -> 600000 | I220: =B207 -> 721.71 | L220: =C206 -> 4907628 | M220: =V207 -> 28 | N220: =W206 -> 280000
C221: =F133 -> 880.64 | D221: =G132 -> 8806400 | E221: =#REF! -> #REF! | F221: =#REF! -> #REF! | G221: =X133 -> 120 | H221: =Y132 -> 1500000 | I221: =D207 -> 653.72 | L221: =E206 -> 4445300 | AF221: 49694470
C222: =#REF! -> #REF! | D222: =#REF! -> #REF! | E222: =T133 -> 208.56 | F222: =U132 -> 1418208 | G222: =Z133 -> 60.23 | H222: =AA132 -> 409564 | I222: =#REF! -> #REF! | L222: =#REF! -> #REF!
G223: =AB133 -> 20 | H223: =AC132 -> 200000 | I223: =H207 -> 150 | L223: =I206 -> 1500000
G224: =AD133 -> 20 | H224: =AE132 -> 200000 | I224: =J207 -> 130 | L224: =K206 -> 1300000
G225: =AF133 -> 95 | H225: =AG132 -> 950000 | I225: =P207 -> 18.66 | L225: =Q206 -> 186600
...

Sheet DESEMBER 2024
A1: LAPORAN KONSUMSI BBM KENDARAAN DINAS PT PELINDO DAYA SEJAHTERA
A2: PERIODE DESEMBER 2024
A3: SUGENG | V3: MAS WAFI
A4: TANGGAL | B4: HANTARAN OPERATOR ITV TPS | J4: OPERASIONAL KEBERSHAN TPS | V4: SAPU JALAN PERAK BARAT | X4: PENYIRAMAN PERAK | Z4: SAPU JALAN (SPMT) | AB4: KEBERSIHAN PERAK | AF4: SAPU JALAN | AH4: GRAND TOTAL
B5: L 1941 OL (L 1873 SB) | D5: L 1941 OL (L 1873 SB) | F5: L 1536 MZ (L 1388 PC) | H5: L 1536 MZ (L 1388 PC) | J5: L 1838 ZB (L 1641 PA) | L5: L 8203 AF | N5: L 9910 BR | P5: L 9910 BR | R5: L 9034 BU | T5: L 9078 BU | V5: pertalite | W5: L 9662 NK | X5: pertamax | Y5: L 9664 NK | Z5: Solar | AA5: AE 8719 SQ/L 8393 LT | AB5: pertalite | AC5: L 8065 TR | AD5: pertalite | AE5: L 1659 U | AF5: pertalite | AG5: L 3098 LG
B6: Pertalite | C6: Rp | D6: Pertamax | E6: Rp | F6: Pertalite | G6: Rp | H6: Pertamax | I6: Rp | J6: Pertalite | K6: Rp | L6: solar | M6: Rp | N6: solar | O6: Rp | P6: pertamax | Q6: Rp | R6: Pertamina Dex | S6: Rp | T6: Solar | U6: Rp | V6: Liter | W6: Rp | X6: Liter | Y6: Rp | Z6: Liter | AA6: Rp | AB6: Liter | AC6: Rp | AD6: liter | AE6: Rp | AF6: Liter | AG6: Rp
A7: 45627 | B7: 28.21 | C7: 282100 | F7: 33 | G7: 330000 | J7: 25.98 | K7: 259800 | T7: 38.86 | U7: 264250
A11: 45628 | B11: 40.37 | C11: 403700 | F11: 34.86 | G11: 348600 | J11: 26.46 | K11: 264600
F14: 33.69 | G14: 336900 | J14: 24.39 | K14: 243900
A15: 45629 | B15: 25.92 | C15: 259200 | N15: 20 | O15: 136000 | V15: 20 | W15: 200000
A19: 45630 | B19: 31.06 | C19: 310600 | F19: 23.49 | G19: 234900 | J19: 27.69 | K19: 276900 | L19: 20 | M19: 136000 | T19: 20 | U19: 136000 | X19: 20 | Y19: 242000
P20: 20 | Q20: 242000
A23: 45631 | B23: 27.11 | C23: 271100 | F23: 24.84 | G23: 248400 | J23: 20.51 | K23: 205100 | N23: 20 | O23: 136000 | T23: 20 | U23: 136000
A27: 45632 | B27: 29.83 | C27: 298300 | F27: 33.8 | G27: 338000 | J27: 19.6 | K27: 196000 | V27: 20 | W27: 200000
A31: 45633 | B31: 23.19 | C31: 231900 | F31: 29.85 | G31: 298500 | J31: 20.05 | K31: 200500 | L31: 20 | M31: 136000 | X31: 20 | Y31: 242000
L32: 40 | M32: 272000
A35: 45634 | B35: 34.2 | C35: 342000 | F35: 34.22 | G35: 342200 | J35: 19.6 | K35: 196000
A39: 45635 | B39: 29.98 | C39: 299800 | F39: 34.65 | G39: 346500 | J39: 28.29 | K39: 282900 | V39: 20 | W39: 200000
A43: 45636 | B43: 34.09 | C43: 340900 | F43: 37.16 | G43: 371600 | J43: 33.46 | K43: 334600 | L43: 20 | M43: 136000 | N43: 20 | O43: 136000 | P43: 20 | Q43: 242000 | T43: 20 | U43: 136000
F44: 33.69 | G44: 336900
A47: 45637 | B47: 30.44 | C47: 304400 | F47: 29.9 | G47: 299000 | J47: 36.85 | K47: 368500 | L47: 20 | M47: 136000 | X47: 20 | Y47: 242000
A51: 45638 | B51: 31.72 | C51: 317200 | F51: 26.24 | G51: 262400 | N51: 20 | O51: 136000 | Z51: 26.62 | AA51: 181020
N52: 20 | O52: 136000
A55: 45639 | B55: 26.34 | C55: 263400 | F55: 32.25 | G55: 322500 | J55: 36.22 | K55: 362200 | V55: 20 | W55: 200000 | AD55: 20 | AE55: 200000
A59: 45640 | F59: 32.25 | G59: 322500 | J59: 30 | K59: 300000 | L59: 55.19 | M59: 375292
A63: 45641 | F63: 18.72 | G63: 187200 | J63: 28.8 | K63: 288000
A67: 45642 | F67: 43.07 | G67: 430700 | J67: 37.49 | K67: 374900 | N67: 20 | O67: 136000 | P67: 20 | Q67: 242000
A71: 45643 | J71: 32.34 | K71: 323400 | L71: 20 | M71: 136000 | X71: 20 | Y71: 242000
F72: 40.05 | G72: 400500
A75: 45644 | B75: 26.7 | C75: 267000
A79: 45645 | B79: 37.21 | C79: 372100 | F79: 33.08 | G79: 330800 | L79: 20 | M79: 136000
J80: 22.14 | K80: 221400
A83: 45646 | B83: 40.3 | C83: 403000 | F83: 32.11 | G83: 321100 | N83: 20 | O83: 136000 | P83: 20 | Q83: 242000 | V83: 20 | W83: 200000 | AB83: 25 | AC83: 250000
A87: 45647 | B87: 38.35 | C87: 383500 | F87: 32.18 | G87: 321800 | J87: 37.25 | K87: 372500 | N87: 20 | O87: 136000 | T87: 20 | U87: 136000 | X87: 20 | Y87: 242000
A91: 45648 | B91: 35 | C91: 350000 | F91: 33.12 | G91: 331200 | J91: 26.75 | K91: 267500
N92: 20 | O92: 136000
A95: 45649 | F95: 34.02 | G95: 340200 | J95: 18.9 | K95: 189000 | L95: 20 | M95: 136000
B96: 29.2 | C96: 292000
A99: 45650 | B99: 25.12 | C99: 251200 | J99: 26.98 | K99: 269800 | N99: 20 | O99: 136000 | P99: 20 | Q99: 242000 | T99: 20 | U99: 136000
F100: 30.45 | G100: 304500
A103: 45651 | B103: 30.97 | C103: 309700 | J103: 21.67 | K103: 216700 | N103: 20 | O103: 136000
F104: 27.85 | G104: 278500
A107: 45652 | B107: 29.49 | C107: 294900 | F107: 28.47 | G107: 284700 | J107: 16.66 | K107: 166600 | L107: 20 | M107: 136000 | T107: 50.53 | U107: 398000 | V107: 20 | W107: 200000 | X107: 20 | Y107: 242000
A111: 45653 | J111: 22.85 | K111: 228500
B112: 32.15 | C112: 321500 | F112: 31.37 | G112: 313700
A115: 45654 | B115: 32.86 | C115: 328600 | F115: 29.72 | G115: 297200 | J115: 22.43 | K115: 224300 | N115: 20 | O115: 136000 | V115: 25 | W115: 250000
A119: 45655 | B119: 24.17 | C119: 241700 | F119: 29.23 | G119: 292300 | J119: 23.29 | K119: 232900
A123: 45656 | B123: 27.05 | C123: 270500 | F123: 28.58 | G123: 285800 | J123: 24.15 | K123: 241500 | L123: 20 | M123: 136000 | T123: 20 | U123: 136000
A127: 45657 | B127: 29.45 | C127: 294500 | F127: 31.47 | G127: 314700 | J127: 21.85 | K127: 218500 | N127: 20 | O127: 136000 | P127: 20 | Q127: 242000 | Z127: 29.24 | AA127: 198832
A132: TOTAL | C132: =SUM(C7:C131) -> 8304800 | E132: =SUM(E7:E131) -> 0 | G132: =SUM(G7:G131) -> 9773800 | I132: =SUM(I7:I131) -> 0 | K132: =SUM(K7:K131) -> 7326500 | M132: =SUM(M7:M131) -> 1871292 | O132: =SUM(O7:O131) -> 1768000 | Q132: =SUM(Q7:Q131) -> 1452000 | S132: =SUM(S7:S131) -> 0 | U132: =SUM(U7:U131) -> 1478250 | W132: =SUM(W7:W131) -> 1450000 | Y132: =SUM(Y7:Y131) -> 1452000 | AA132: =SUM(AA7:AA131) -> 379852 | AC132: =SUM(AC7:AC131) -> 250000 | AE132: =SUM(AE7:AE131) -> 200000 | AG132: =SUM(AG7:AG131) -> 0 | AH132: =SUM(B132:AG132) -> 35706494
B133: =SUM(B7:B131) -> 830.48 | D133: =SUM(D7:D131) -> 0 | F133: =SUM(F7:F132) -> 977.38 | H133: =SUM(H7:H131) -> 0 | J133: =SUM(J7:J132) -> 732.65 | L133: =SUM(L7:L132) -> 275.19 | N133: =SUM(N7:N132) -> 260 | P133: =SUM(P7:P132) -> 120 | R133: =SUM(R7:R132) -> 0 | T133: =SUM(T7:T132) -> 209.39 | V133: =SUM(V7:V132) -> 145 | X133: =SUM(X7:X132) -> 120 | Z133: =SUM(Z7:Z132) -> 55.86 | AB133: =SUM(AB6:AB132) -> 25 | AD133: =SUM(AD7:AD132) -> 20 | AF133: =SUM(AF7:AF132) -> 0 | AH133: =SUM(B133:AG133) -> 3770.95
A137: LAPORAN KONSUMSI BBM KENDARAAN DINAS PT PELINDO DAYA SEJAHTERA
A138: PERIODE DESEMBER 2024
A139: MAS RAJIP | X139: REGIONAL
A140: TANGGAL | B140: PORT SECURITY PERAK | H140: SEPEDA MOTOR OPS PORT SECURITY | X140: OPERASIONAL KANTOR PUSAT PTPDS | Z140: GRAND TOTAL
B141: L 9554 BW | D141: L 9560 BW | F141: L 9644 CM | H141: B 4940 TUD | J141: B 4498 TVA | L141: L 6552 ZZ (SPMT) | N141: L 6548 ZZ (SPMT) | P141: L 5198 PU | R141: L 5198 PU | T141: KB 4836 MT | V141: B 4834 MT (SPMT) | X141: B 2072 PZG
B142: Solar | C142: Rp | D142: Solar | E142: Rp | F142: Pert.Dex | G142: Rp | H142: pertalie | I142: Rp | J142: pertalie | K142: Rp | L142: pertalie | M142: Rp | N142: pertalite | O142: Rp | P142: pertalite | Q142: Rp | R142: pertamax | S142: Rp | T142: pertalite | U142: Rp | V142: pertalite | W142: Rp | X142: Liter | Y142: Rp
A144: 45627 | B144: 49.73 | C144: 338164 | D144: 48.92 | E144: 332656 | H144: 10 | I144: 100000 | J144: 10 | K144: 100000 | L144: 10 | M144: 100000 | N144: 10 | O144: 100000 | T144: 10 | U144: 100000
H145: 10 | I145: 100000
A146: 45628 | D146: 45.09 | E146: 306610
A148: 45629 | V148: 8.46 | W148: 84600
A150: 45630
A152: 45631 | B152: 47.8 | C152: 325040 | D152: 48.36 | E152: 328848 | H152: 10 | I152: 100000 | J152: 10 | K152: 100000 | L152: 10 | M152: 100000 | N152: 10 | O152: 100000 | T152: 10 | U152: 100000 | X152: 40.22 | Y152: 402200
A154: 45632
A156: 45633
A158: 45634 | B158: 53.18 | C158: 361620 | D158: 56.55 | E158: 384540 | P158: 10 | Q158: 100000 | T158: 91.19 | U158: 91900
A160: 45635 | B160: 47.85 | C160: 325380 | D160: 48.25 | E160: 328100 | H160: 10 | I160: 100000 | J160: 10 | K160: 100000 | L160: 10 | M160: 100000 | N160: 10 | O160: 100000 | P160: 10 | Q160: 100000 | T160: 10 | U160: 100000
A162: 45636 | L162: 10 | M162: 100000
A164: 45637 | B164: 51.6 | C164: 350880 | D164: 49.7 | E164: 337960 | H164: 10 | I164: 100000 | J164: 10 | K164: 100000 | L164: 10 | M164: 100000 | N164: 10 | O164: 100000 | T164: 10 | U164: 100000 | V164: 10 | W164: 100000
A166: 45638 | J166: 10 | K166: 100000
A168: 45639 | H168: 10 | I168: 100000 | L168: 10 | M168: 100000 | N168: 10 | O168: 100000 | T168: 10 | U168: 100000
A170: 45640 | B170: 48 | C170: 326400 | D170: 50.01 | E170: 340070 | H170: 10 | I170: 100000
A172: 45641
A174: 45642 | B174: 48 | C174: 326400 | T174: 6 | U174: 60000
A176: 45643
A178: 45644 | B178: 54.49 | C178: 370532 | D178: 52.31 | E178: 355708 | J178: 10 | K178: 100000 | L178: 10 | M178: 100000 | N178: 10 | O178: 100000 | T178: 10 | U178: 100000
A180: 45645 | H180: 10 | I180: 100000
A182: 45646 | V182: 10 | W182: 100000
A184: 45647 | B184: 48.5 | C184: 329800 | H184: 10 | I184: 100000 | J184: 10 | K184: 100000 | L184: 10 | M184: 100000 | N184: 10 | O184: 100000 | T184: 10 | U184: 100000
A186: 45648 | D186: 60 | E186: 408000 | L186: 10 | M186: 100000
A188: 45649 | B188: 45.09 | C188: 306612
A190: 45650 | J190: 10 | K190: 100000 | L190: 10 | M190: 100000 | N190: 10 | O190: 100000 | T190: 10 | U190: 100000
A192: 45651 | D192: 53.84 | E192: 366112 | H192: 10 | I192: 100000 | L192: 10 | M192: 100000 | N192: 10 | O192: 100000
A194: 45652 | T194: 10 | U194: 100000
A196: 45653 | B196: 51.5 | C196: 350200 | H196: 10 | I196: 100000 | L196: 10 | M196: 100000 | N196: 10 | O196: 100000 | T196: 10 | U196: 100000
A198: 45654
A200: 45655
A202: 45656 | D202: 53.91 | E202: 365908 | J202: 10 | K202: 100000
A204: 45657 | B204: 40.83 | C204: 277644 | D204: 50.65 | E204: 344420 | H204: 20 | I204: 200000 | J204: 10 | K204: 100000 | L204: 10 | M204: 100000 | N204: 10 | O204: 100000 | P204: 10 | Q204: 100000 | V204: 10 | W204: 100000
A206: TOTAL | C206: =SUM(C144:C205) -> 3988672 | E206: =SUM(E143:E205) -> 4198932 | G206: =SUM(G143:G205) -> 0 | I206: =SUM(I144:I205) -> 1300000 | K206: =SUM(K143:K205) -> 1000000 | M206: =SUM(M144:M205) -> 1300000 | O206: =SUM(O144:O205) -> 1100000 | Q206: =SUM(Q144:Q205) -> 300000 | S206: =SUM(S144:S205) -> 0 | U206: =SUM(U144:U205) -> 1151900 | W206: =SUM(W144:W205) -> 384600 | Y206: =SUM(Y144:Y205) -> 402200 | Z206: =SUM(B206:Y206) -> 15126304
B207: =SUM(B144:B205) -> 586.57 | D207: =SUM(D143:D205) -> 617.59 | F207: =SUM(F143:F205) -> 0 | H207: =SUM(H144:H205) -> 130 | J207: =SUM(J143:J205) -> 100 | L207: =SUM(L144:L205) -> 130 | N207: =SUM(N144:N205) -> 110 | P207: =SUM(P144:P205) -> 30 | R207: =SUM(R144:R205) -> 0 | T207: =SUM(T144:T205) -> 197.19 | V207: =SUM(V143:V205) -> 38.46 | X207: =SUM(X144:X205) -> 40.22 | Z207: =SUM(B207:Y207) -> 1980.03
Z208: =Z206+AH132 -> 50832798
A209: Terbilang: | B209: Empat puluh tujuh juta enam ratus tujuh puluh dua ribu seratus tujuh puluh dua rupiah
Q210: REGOINAL MANAGER JAWA | AA210: =AA214-Z208 -> -3170626
AA214: 47662172
Q215: MAHAR BAGUS UTOMO
Y217: 41497072 | Z217: =Y217-Z208 -> -9335726 | AF217: =Z208-AF221 -> 1138328
C218: Hantaran | E218: Keb TPS | G218: Keb Taman Perak | I218: Security | M218: Ops Kantor | O218: Grand Total
C219: Liter | D219: Rp | E219: Liter | F219: Rp | G219: Liter | H219: Rp | I219: Liter | L219: Rp | M219: Liter | N219: Rp | O219: Liter | P219: Rp
C220: =B133 -> 830.48 | D220: =C132 -> 8304800 | E220: =L133 -> 275.19 | F220: =M132 -> 1871292 | G220: =V133 -> 145 | H220: =W132 -> 1450000 | I220: =B207 -> 586.57 | L220: =C206 -> 3988672 | M220: =V207 -> 38.46 | N220: =W206 -> 384600
...

Sheet NOVEMBER 2024
A1: LAPORAN KONSUMSI BBM KENDARAAN DINAS PT PELINDO DAYA SEJAHTERA
A2: PERIODE NOVEMBER 2024
A3: SUGENG | V3: MAS WAFI
A4: TANGGAL | B4: HANTARAN OPERATOR ITV TPS | J4: OPERASIONAL KEBERSHAN TPS | V4: SAPU JALAN PERAK BARAT | X4: PENYIRAMAN PERAK | Z4: SAPU JALAN (SPMT) | AB4: KEBERSIHAN PERAK | AF4: SAPU JALAN | AH4: GRAND TOTAL
B5: L 1941 OL (L 1873 SB) | D5: L 1941 OL (L 1873 SB) | F5: L 1536 MZ (L 1388 PC) | H5: L 1536 MZ (L 1388 PC) | J5: L 1838 ZB (L 1641 PA) | L5: L 8203 AF | N5: L 9910 BR | P5: L 9910 BR | R5: L 9034 BU | T5: L 9078 BU | V5: pertalite | W5: L 9662 NK | X5: pertamax | Y5: L 9664 NK | Z5: Solar | AA5: AE 8719 SQ/L 8393 LT | AB5: pertalite | AC5: L 8065 TR | AD5: pertalite | AE5: L 1659 U | AF5: pertalite | AG5: L 3098 LG
B6: Pertalite | C6: Rp | D6: Pertamax | E6: Rp | F6: Pertalite | G6: Rp | H6: Pertamax | I6: Rp | J6: Pertalite | K6: Rp | L6: solar | M6: Rp | N6: solar | O6: Rp | P6: pertamax | Q6: Rp | R6: Pertamina Dex | S6: Rp | T6: Solar | U6: Rp | V6: Liter | W6: Rp | X6: Liter | Y6: Rp | Z6: Liter | AA6: Rp | AB6: Liter | AC6: Rp | AD6: liter | AE6: Rp | AF6: Liter | AG6: Rp
A7: 45597 | B7: 35.05 | C7: 350500 | F7: 40.8 | G7: 408000 | J7: 29.98 | K7: 299800 | N7: 20 | O7: 136000 | P7: 20 | Q7: 242000 | AB7: 20 | AC7: 200000 | AF7: 25 | AG7: 250000
X8: 20 | Y8: 242000
A11: 45598 | B11: 34.22 | C11: 342200 | F11: 32.37 | G11: 323700 | J11: 24.17 | K11: 241700 | N11: 40 | O11: 272000
A15: 45599 | B15: 28.12 | C15: 281200 | F15: 29.26 | G15: 292600 | T15: 20 | U15: 136000
J16: 23.19 | K16: 231900
A19: 45600 | B19: 26.86 | C19: 268600 | F19: 34.5 | G19: 345000 | L19: 20 | M19: 136000 | Z19: 21.04 | AA19: 143070
J20: 23.5 | K20: 235000
A23: 45601 | B23: 26.18 | C23: 261800 | F23: 27.99 | G23: 279900
A27: 45602 | B27: 28.38 | C27: 283800 | J27: 38.67 | K27: 386700
F28: 27.45 | G28: 274500 | N28: 20 | O28: 136000 | X28: 20 | Y28: 242000
A31: 45603 | B31: 30.92 | C31: 309200 | F31: 31.76 | G31: 317600 | L31: 20 | M31: 136000
P32: 20 | Q32: 242000 | T32: 20 | U32: 136000 | AD32: 20 | AE32: 200000 | AF32: 20 | AG32: 200000
A35: 45604 | B35: 32.28 | C35: 322800 | F35: 28.02 | G35: 280200 | T35: 20 | U35: 136000
R36: 11.16 | S36: 150000 | X36: 20 | Y36: 242000
A39: 45605 | F39: 29.73 | G39: 297300 | T39: 20 | U39: 136000
J40: 36.06 | K40: 360600 | R40: 11.16 | S40: 150000
R42: 18.6 | S42: 250000
A43: 45606 | F43: 31.78 | G43: 317800 | J43: 10 | K43: 100000 | N43: 20 | O43: 136000 | R43: 11.16 | S43: 150000
R44: 18.6 | S44: 250000
R45: 58.18 | S45: 781940
A47: 45607 | F47: 37.13 | G47: 371300 | J47: 34.92 | K47: 349200 | L47: 20 | M47: 136000 | N47: 20 | O47: 136000
R48: 11.16 | S48: 150000 | X48: 20 | Y48: 242000
A51: 45608 | B51: 38.91 | C51: 389100 | J51: 32.42 | K51: 324200 | T51: 20 | U51: 136000 | Z51: 24.5 | AA51: 166600
R52: 18.6 | S52: 250000 | AD52: 20 | AE52: 200000
A55: 45609 | B55: 34.16 | C55: 341600
J56: 39.11 | K56: 391100 | X56: 20 | Y56: 242000 | Z56: 20 | AA56: 136000
A59: 45610 | B59: 29.53 | C59: 295300 | F59: 37.47 | G59: 374700 | J59: 35.54 | K59: 355400 | L59: 20 | M59: 136000 | T59: 20 | U59: 136000
P61: 20 | Q61: 242000 | X61: 20 | Y61: 242000
A63: 45611 | B63: 30.76 | C63: 307600 | F63: 32.89 | G63: 328900 | J63: 28.95 | K63: 289500 | N63: 20 | O63: 136000
A67: 45612 | F67: 28.94 | G67: 289400
B68: 30.16 | C68: 301600
AD69: 20 | AE69: 200000
A71: 45613 | F71: 39.64 | G71: 396400 | J71: 38.85 | K71: 388500
B72: 39.26 | C72: 392600 | R72: 11.16 | S72: 150000
A75: 45614 | B75: 32.72 | C75: 327200 | F75: 29.66 | G75: 296600 | L75: 20 | M75: 136000 | N75: 20 | O75: 136000
V76: 10 | W76: 100000 | X76: 20 | Y76: 242000 | AF76: 20 | AG76: 200000
A79: 45615 | B79: 33.27 | C79: 332700 | F79: 35.62 | G79: 356200
X80: 20 | Y80: 242000
A83: 45616 | B83: 29.1 | C83: 291000 | F83: 31.91 | G83: 319100 | N83: 20 | O83: 136000 | T83: 20 | U83: 136000
P85: 20 | Q85: 242000
A87: 45617 | B87: 35.59 | C87: 355900 | F87: 36.58 | G87: 365800 | J87: 22.58 | K87: 225800 | L87: 20 | M87: 136000
AD88: 20 | AE88: 200000
A91: 45618 | F91: 29.81 | G91: 298100
V92: 9.01 | W92: 90100 | X92: 20 | Y92: 242000
A95: 45619 | B95: 34.51 | C95: 345100 | F95: 28.64 | G95: 286400 | N95: 41.27 | O95: 280636 | T95: 20 | U95: 136000
A99: 45620 | B99: 31.86 | C99: 318600 | F99: 28.91 | G99: 289100 | J99: 38.06 | K99: 380600
L102: 20 | M102: 136000
A103: 45621 | B103: 29.7 | C103: 297000 | F103: 26.91 | G103: 269100 | J103: 22.41 | K103: 224100
X105: 20 | Y105: 242000
A107: 45622 | B107: 32.03 | C107: 320300 | F107: 30.62 | G107: 306200 | J107: 20.78 | K107: 207800 | N107: 20 | O107: 136000
Z108: 29.28 | AA108: 199104
P109: 20 | Q109: 242000
A111: 45623 | B111: 35.21 | C111: 352100 | F111: 25.06 | G111: 250600 | J111: 28.86 | K111: 288600 | T111: 50.71 | U111: 344830
A115: 45624 | B115: 29.63 | C115: 296300 | F115: 27.68 | G115: 276800 | J115: 27.56 | K115: 275600
X116: 20 | Y116: 242000 | AD116: 20 | AE116: 200000
A119: 45625 | B119: 25.08 | C119: 250800 | F119: 32.79 | G119: 327900 | J119: 21.92 | K119: 219200
A123: 45626 | B123: 24.48 | C123: 244800 | F123: 30.58 | G123: 305800 | J123: 21.68 | K123: 216800 | L123: 20 | M123: 136000
AF124: 25 | AG124: 250000
L125: 20 | M125: 136000
A128: TOTAL | C128: =SUM(C7:C127) -> 8179700 | E128: =SUM(E7:E127) -> 0 | G128: =SUM(G7:G127) -> 8845000 | I128: =SUM(I7:I127) -> 0 | K128: =SUM(K7:K127) -> 5992100 | M128: =SUM(M7:M127) -> 1224000 | O128: =SUM(O7:O127) -> 1640636 | Q128: =SUM(Q7:Q127) -> 1210000 | S128: =SUM(S7:S127) -> 2281940 | U128: =SUM(U7:U127) -> 1432830 | W128: =SUM(W7:W127) -> 190100 | Y128: =SUM(Y7:Y127) -> 2662000 | AA128: =SUM(AA7:AA127) -> 644774 | AC128: =SUM(AC7:AC127) -> 200000 | AE128: =SUM(AE7:AE127) -> 1000000 | AG128: =SUM(AG7:AG127) -> 900000 | AH128: =SUM(B128:AG128) -> 36403080
B129: =SUM(B7:B127) -> 817.97 | D129: =SUM(D7:D127) -> 0 | F129: =SUM(F7:F128) -> 884.5 | H129: =SUM(H7:H127) -> 0 | J129: =SUM(J7:J128) -> 599.21 | L129: =SUM(L7:L128) -> 180 | N129: =SUM(N7:N128) -> 241.27 | P129: =SUM(P7:P128) -> 100 | R129: =SUM(R7:R128) -> 169.78 | T129: =SUM(T7:T128) -> 210.71 | V129: =SUM(V7:V128) -> 19.01 | X129: =SUM(X7:X128) -> 220 | Z129: =SUM(Z7:Z128) -> 94.82 | AB129: =SUM(AB6:AB128) -> 20 | AD129: =SUM(AD7:AD128) -> 100 | AF129: =SUM(AF7:AF128) -> 90 | AH129: =SUM(B129:AG129) -> 3747.27
A133: LAPORAN KONSUMSI BBM KENDARAAN DINAS PT PELINDO DAYA SEJAHTERA
A134: PERIODE NOVEMBER 2024
A135: MAS RAJIP | X135: REGIONAL
A136: TANGGAL | B136: PORT SECURITY PERAK | H136: SEPEDA MOTOR OPS PORT SECURITY | X136: OPERASIONAL KANTOR PUSAT PTPDS | Z136: GRAND TOTAL
B137: L 9554 BW | D137: L 9560 BW | F137: L 9644 CM | H137: B 4940 TUD | J137: B 4498 TVA | L137: L 6552 ZZ (SPMT) | N137: L 6548 ZZ (SPMT) | P137: L 5198 PU | R137: L 5198 PU | T137: KB 4836 MT | V137: B 4834 MT (SPMT) | X137: B 2072 PZG
B138: Solar | C138: Rp | D138: Solar | E138: Rp | F138: Pert.Dex | G138: Rp | H138: pertalie | I138: Rp | J138: pertalie | K138: Rp | L138: pertalie | M138: Rp | N138: pertalite | O138: Rp | P138: pertalite | Q138: Rp | R138: pertamax | S138: Rp | T138: pertalite | U138: Rp | V138: pertalite | W138: Rp | X138: Liter | Y138: Rp
A140: 45597 | B140: 48.19 | C140: 327692 | D140: 47.39 | E140: 322252 | H140: 10 | I140: 100000 | J140: 10 | K140: 100000 | L140: 10 | M140: 100000 | N140: 10 | O140: 100000 | T140: 10 | U140: 100000
A142: 45598
A144: 45599
A146: 45600 | L146: 9 | M146: 90000
A148: 45601 | B148: 48.97 | C148: 332996 | D148: 49.87 | E148: 339116 | H148: 10 | I148: 100000 | J148: 10 | K148: 100000 | L148: 10 | M148: 100000 | N148: 10 | O148: 100000 | P148: 10 | Q148: 100000 | T148: 10 | U148: 100000
B149: 36.93 | C149: 251124
A150: 45602 | D150: 52.18 | E150: 354824
A152: 45603 | B152: 48.5 | C152: 329800 | D152: 49.24 | E152: 334832 | H152: 10 | I152: 100000 | J152: 10 | K152: 100000 | L152: 10 | M152: 100000 | N152: 10 | O152: 100000 | T152: 10 | U152: 100000 | V152: 9.2 | W152: 92000
A154: 45604
A156: 45605
A158: 45606 | D158: 54.8 | E158: 372640 | H158: 10 | I158: 100000 | J158: 10 | K158: 100000 | T158: 10 | U158: 100000
B159: 47.96 | C159: 326128
A160: 45607
A162: 45608 | B162: 56.77 | C162: 386036 | D162: 48.5 | E162: 329800 | H162: 10 | I162: 100000 | J162: 10 | K162: 100000 | L162: 10 | M162: 100000 | N162: 10 | O162: 100000 | T162: 10 | U162: 100000
A164: 45609 | D164: 45 | E164: 306000 | H164: 10 | I164: 100000 | P164: 10 | Q164: 100000
A166: 45610 | D166: 49.7 | E166: 337960
V167: 10 | W167: 100000
A168: 45611
A170: 45612
A172: 45613 | L172: 10 | M172: 100000
D173: 49.87 | E173: 339116
A174: 45614 | L174: 10 | M174: 100000 | N174: 10 | O174: 100000
A176: 45615 | B176: 47.85 | C176: 325380 | J176: 10 | K176: 100000 | L176: 10 | M176: 100000 | N176: 10 | O176: 100000
J177: 10 | K177: 100000
A178: 45616 | B178: 57.81 | C178: 393312
A180: 45617
A182: 45618
...

Sheet OKTOBER 2024
A1: LAPORAN KONSUMSI BBM KENDARAAN DINAS PT PELINDO DAYA SEJAHTERA
A2: PERIODE OKTOBER 2024
A3: SUGENG | V3: MAS WAFI
A4: TANGGAL | B4: HANTARAN OPERATOR ITV TPS | J4: OPERASIONAL KEBERSHAN TPS | V4: SAPU JALAN PERAK BARAT | X4: PENYIRAMAN PERAK | Z4: SAPU JALAN (SPMT) | AB4: KEBERSIHAN PERAK | AF4: SAPU JALAN | AH4: GRAND TOTAL
B5: L 1941 OL (L 1873 SB) | D5: L 1941 OL (L 1873 SB) | F5: L 1536 MZ (L 1388 PC) | H5: L 1536 MZ (L 1388 PC) | J5: L 1838 ZB (L 1641 PA) | L5: L 8203 AF | N5: L 9910 BR | P5: L 9910 BR | R5: L 9034 BU | T5: L 9078 BU | V5: pertalite | W5: L 9662 NK | X5: pertamax | Y5: L 9664 NK | Z5: Solar | AA5: AE 8719 SQ/L 8393 LT | AB5: pertalite | AC5: L 8065 TR | AD5: pertalite | AE5: L 1659 U | AF5: pertalite | AG5: L 3098 LG
B6: Pertalite | C6: Rp | D6: Pertamax | E6: Rp | F6: Pertalite | G6: Rp | H6: Pertamax | I6: Rp | J6: Pertalite | K6: Rp | L6: solar | M6: Rp | N6: solar | O6: Rp | P6: pertamax | Q6: Rp | R6: Pertamina Dex | S6: Rp | T6: Solar | U6: Rp | V6: Liter | W6: Rp | X6: Liter | Y6: Rp | Z6: Liter | AA6: Rp | AB6: Liter | AC6: Rp | AD6: liter | AE6: Rp | AF6: Liter | AG6: Rp
A7: 45566 | B7: 34.07 | C7: 340700 | F7: 18.42 | G7: 184200 | J7: 25.71 | K7: 257100 | N7: 20 | O7: 136000 | V7: 20 | W7: 200000 | X7: 21.4 | Y7: 259000
A11: 45567 | B11: 31.54 | C11: 315400 | F11: 30.27 | G11: 302700 | J11: 19.49 | K11: 194900 | L11: 20 | M11: 136000 | Z11: 24.87 | AA11: 169120 | AD11: 20 | AE11: 200000
A15: 45568 | B15: 24.85 | C15: 248500 | F15: 36.88 | G15: 368800 | J15: 19.24 | K15: 192400 | T15: 20 | U15: 136000 | X15: 20 | Y15: 242000
A19: 45569 | B19: 29.31 | C19: 293100 | F19: 26.01 | G19: 260100 | J19: 16.83 | K19: 168300 | N19: 20 | O19: 136000 | X19: 20 | Y19: 242000
A23: 45570 | B23: 28.6 | C23: 286000 | F23: 29.26 | G23: 292600 | J23: 31.06 | K23: 310600 | T23: 60 | U23: 408000
A27: 45571 | B27: 32.98 | C27: 329800 | F27: 29.71 | G27: 297100 | J27: 26.09 | K27: 260900 | L27: 20 | M27: 136000 | N27: 20 | O27: 136000
A31: 45572 | B31: 32.22 | C31: 322200 | F31: 34.31 | G31: 343100 | P31: 20 | Q31: 242000 | X31: 20 | Y31: 242000
J32: 18.98 | K32: 189800
A35: 45573 | B35: 33.82 | C35: 338200 | F35: 27.03 | G35: 270300 | J35: 33.34 | K35: 333400 | N35: 20 | O35: 136000 | V35: 20 | W35: 200000 | Z35: 27.27 | AA35: 185440 | AD35: 20 | AE35: 200000
A39: 45574 | B39: 31.89 | C39: 318900 | F39: 32.7 | G39: 327000 | J39: 20.58 | K39: 205800 | L39: 20 | M39: 136000 | X39: 20 | Y39: 242000
A43: 45575 | B43: 31.64 | C43: 316400 | F43: 34.14 | G43: 341400 | J43: 17.42 | K43: 174200 | T43: 20 | U43: 136000 | X43: 20 | Y43: 242000
A47: 45576 | B47: 27.32 | C47: 273200 | F47: 34.46 | G47: 344600 | J47: 15.23 | K47: 152300 | N47: 60 | O47: 408000
A51: 45577 | B51: 38.64 | C51: 386400 | F51: 35.62 | G51: 356200 | J51: 15.64 | K51: 156400 | X51: 20 | Y51: 242000
A55: 45578 | B55: 38.37 | C55: 383700 | F55: 39.37 | G55: 393700 | J55: 14.73 | K55: 147300 | L55: 20 | M55: 136000 | Z55: 27.61 | AA55: 187750
A59: 45579 | B59: 31.7 | C59: 317000 | F59: 32.76 | G59: 327600 | J59: 26.41 | K59: 264100 | N59: 20 | O59: 136000 | T59: 20 | U59: 136000 | V59: 20 | W59: 200000 | X59: 20 | Y59: 242000 | AD59: 20 | AE59: 200000
X62: 20 | Y62: 242000
A63: 45580 | B63: 33.05 | C63: 330500 | F63: 31.75 | G63: 317500 | J63: 20.66 | K63: 206600 | L63: 20 | M63: 136000
A67: 45581 | B67: 29.8 | C67: 298000 | F67: 27.14 | G67: 271400 | J67: 26.5 | K67: 265000 | X67: 20 | Y67: 242000
A71: 45582 | B71: 29.77 | C71: 297700 | F71: 34.52 | G71: 345200 | X71: 20 | Y71: 242000
A75: 45583 | B75: 24.28 | C75: 242800 | F75: 31.09 | G75: 310900 | L75: 20 | M75: 136000 | N75: 29.41 | O75: 200000 | P75: 20 | Q75: 242000 | T75: 20 | U75: 136000
J77: 39.77 | K77: 397700
A79: 45584 | B79: 30.72 | C79: 307200 | F79: 31.05 | G79: 310500 | V79: 25 | W79: 250000 | X79: 20 | Y79: 242000 | Z79: 29.71 | AA79: 202028 | AD79: 20 | AE79: 200000
A83: 45585 | B83: 39.14 | C83: 391400 | F83: 25.49 | G83: 254900 | J83: 35.25 | K83: 352500 | N83: 20 | O83: 136000
A87: 45586 | B87: 30.6 | C87: 306000 | F87: 29 | G87: 290000 | N87: 20 | O87: 136000
A91: 45587 | B91: 28.41 | C91: 284100 | F91: 30.4 | G91: 304000 | J91: 35.39 | K91: 353900 | L91: 20 | M91: 136000 | P91: 20 | Q91: 242000 | X91: 20 | Y91: 242000
A95: 45588 | B95: 30.06 | C95: 300600 | F95: 29.26 | G95: 292600 | J95: 17.07 | K95: 170700
T96: 20 | U96: 136000
A99: 45589 | B99: 30.46 | C99: 304600 | F99: 30.1 | G99: 301000 | J99: 17.36 | K99: 173600 | L99: 20 | M99: 136000 | X99: 20 | Y99: 242000 | Z99: 20 | AA99: 136000
A103: 45590 | B103: 24.52 | C103: 245200 | F103: 26.71 | G103: 267100 | J103: 25.23 | K103: 252300
A107: 45591 | B107: 41.87 | C107: 418700 | F107: 41.51 | G107: 415100 | J107: 39.58 | K107: 395800 | N107: 60 | O107: 408000
A111: 45592 | Z111: 24.28 | AA111: 165104
A115: 45593 | B115: 39.62 | C115: 396200 | F115: 38.38 | G115: 383800 | T115: 60 | U115: 408000 | X115: 20 | Y115: 242000
V116: 20 | W116: 200000 | AD116: 20 | AE116: 200000
A119: 45594 | B119: 24.33 | C119: 243300 | F119: 19.92 | G119: 199200 | J119: 43.74 | K119: 437400 | L119: 52 | M119: 353600 | P119: 20 | Q119: 242000
A123: 45595 | B123: 34.94 | C123: 349400 | F123: 28.85 | G123: 288500 | J123: 17.3 | K123: 173000 | X123: 20 | Y123: 242000
A128: 45596 | B128: 32.34 | C128: 323400 | J128: 23.76 | K128: 237600
A132: TOTAL | C132: =SUM(C7:C131) -> 9508600 | E132: =SUM(E7:E131) -> 0 | G132: =SUM(G7:G131) -> 8961100 | I132: =SUM(I7:I131) -> 0 | K132: =SUM(K7:K131) -> 6423600 | M132: =SUM(M7:M131) -> 1441600 | O132: =SUM(O7:O131) -> 1968000 | Q132: =SUM(Q7:Q131) -> 968000 | S132: =SUM(S7:S131) -> 0 | U132: =SUM(U7:U131) -> 1496000 | W132: =SUM(W7:W131) -> 1050000 | Y132: =SUM(Y7:Y131) -> 3889000 | AA132: =SUM(AA7:AA131) -> 1045442 | AC132: =SUM(AC7:AC131) -> 0 | AE132: =SUM(AE7:AE131) -> 1000000 | AG132: =SUM(AG7:AG131) -> 0 | AH132: =SUM(B132:AG132) -> 37751342
B133: =SUM(B7:B131) -> 950.86 | D133: =SUM(D7:D131) -> 0 | F133: =SUM(F7:F132) -> 896.11 | H133: =SUM(H7:H131) -> 0 | J133: =SUM(J7:J132) -> 642.36 | L133: =SUM(L7:L132) -> 212 | N133: =SUM(N7:N132) -> 289.41 | P133: =SUM(P7:P132) -> 80 | R133: =SUM(R7:R132) -> 0 | T133: =SUM(T7:T132) -> 220 | V133: =SUM(V7:V132) -> 105 | X133: =SUM(X7:X132) -> 321.4 | Z133: =SUM(Z7:Z132) -> 153.74 | AB133: =SUM(AB6:AB132) -> 0 | AD133: =SUM(AD7:AD132) -> 100 | AF133: =SUM(AF7:AF132) -> 0 | AH133: =SUM(B133:AG133) -> 3970.88
A137: LAPORAN KONSUMSI BBM KENDARAAN DINAS PT PELINDO DAYA SEJAHTERA
A138: PERIODE OKTOBER 2024
A139: MAS RAJIP | X139: REGIONAL
A140: TANGGAL | B140: PORT SECURITY PERAK | H140: SEPEDA MOTOR OPS PORT SECURITY | X140: OPERASIONAL KANTOR PUSAT PTPDS | Z140: GRAND TOTAL
B141: L 9554 BW | D141: L 9560 BW | F141: L 9644 CM | H141: B 4940 TUD | J141: B 4498 TVA | L141: L 6552 ZZ (SPMT) | N141: L 6548 ZZ (SPMT) | P141: L 5198 PU | R141: L 5198 PU | T141: KB 4836 MT | V141: B 4834 MT (SPMT) | X141: B 2072 PZG
B142: Solar | C142: Rp | D142: Solar | E142: Rp | F142: Pert.Dex | G142: Rp | H142: pertalie | I142: Rp | J142: pertalie | K142: Rp | L142: pertalie | M142: Rp | N142: pertalite | O142: Rp | P142: pertalite | Q142: Rp | R142: pertamax | S142: Rp | T142: pertalite | U142: Rp | V142: pertalite | W142: Rp | X142: Liter | Y142: Rp
A144: 45566 | B144: 48.16 | C144: 327488 | D144: 49.83 | E144: 338844 | H144: 10 | I144: 100000 | J144: 10 | K144: 100000 | L144: 10 | M144: 100000 | N144: 10 | O144: 100000 | T144: 10 | U144: 100000
A146: 45567
A148: 45568 | B148: 58.64 | C148: 398750
A150: 45569
A152: 45570
A154: 45571 | B154: 48.16 | C154: 327488 | D154: 49.83 | E154: 338844 | H154: 10 | I154: 100000 | J154: 10 | K154: 100000 | L154: 10 | M154: 100000 | N154: 10 | O154: 100000 | T154: 10 | U154: 100000 | V154: 10 | W154: 100000
H155: 9.82 | I155: 98200
A156: 45572 | D156: 57.4 | E156: 390320 | J156: 10.98 | K156: 109800
A158: 45573 | H158: 10 | I158: 100000 | J158: 10 | K158: 100000 | L158: 10 | M158: 100000 | N158: 10 | O158: 100000 | T158: 10 | U158: 100000
A160: 45574
A162: 45575 | B162: 58.62 | C162: 398620 | D162: 49.6 | E162: 337280 | L162: 10 | M162: 100000
B163: 48.3 | C163: 328440
A164: 45576
A166: 45577
A168: 45578 | D168: 50.92 | E168: 346260
A170: 45579 | B170: 47.89 | C170: 325652 | D170: 49.76 | E170: 338360 | H170: 10 | I170: 100000 | J170: 10 | K170: 100000 | L170: 10 | M170: 100000 | N170: 10 | O170: 100000 | T170: 10 | U170: 100000
A172: 45580 | V172: 9.21 | W172: 92100
A174: 45581 | B174: 47.8 | C174: 325040 | D174: 49.5 | E174: 336600 | H174: 10 | I174: 100000 | J174: 10 | K174: 100000 | L174: 10 | M174: 100000 | N174: 10 | O174: 100000 | T174: 10 | U174: 100000
J175: 10 | K175: 100000
A176: 45582
A178: 45583 | B178: 29.41 | C178: 200000 | H178: 10 | I178: 100000 | J178: 10 | K178: 100000 | L178: 10 | M178: 100000 | N178: 10 | O178: 100000 | T178: 10 | U178: 100000
A180: 45584
A182: 45585 | D182: 57.38 | E182: 390180
A184: 45586 | B184: 42.89 | C184: 291650 | D184: 49.5 | E184: 336600
A186: 45587 | L186: 10.06 | M186: 100600
A188: 45588 | B188: 49.82 | C188: 338776 | H188: 10 | I188: 100000 | J188: 10 | K188: 100000 | T188: 10 | U188: 100000
A190: 45589 | D190: 49.82 | E190: 338776 | L190: 10 | M190: 100000 | N190: 10 | O190: 100000 | P190: 12.96 | Q190: 129600 | V190: 7 | W190: 70000
A192: 45590 | B192: 48.5 | C192: 329800 | H192: 10 | I192: 100000 | J192: 10 | K192: 100000 | T192: 10 | U192: 100000
A194: 45591
A196: 45592
A198: 45593
A200: 45594 | B200: 50.47 | C200: 343196 | D200: 59.34 | E200: 403512 | H200: 10 | I200: 100000 | J200: 10 | K200: 100000 | L200: 10 | M200: 100000 | N200: 10 | O200: 100000 | T200: 10 | U200: 100000 | X200: 41.25 | Y200: 412500
A202: 45595 | B202: 48.8 | C202: 331840 | D202: 49.64 | E202: 337552 | N202: 10 | O202: 100000 | V202: 10 | W202: 100000
A204: 45596 | T204: 9.83 | U204: 98300
A206: TOTAL | C206: =SUM(C143:C205) -> 4266740 | E206: =SUM(E143:E205) -> 4233128 | G206: =SUM(G143:G205) -> 0 | I206: =SUM(I143:I205) -> 998200 | K206: =SUM(K143:K205) -> 1109800 | M206: =SUM(M144:M205) -> 1000600 | O206: =SUM(O144:O205) -> 900000 | Q206: =SUM(Q144:Q205) -> 129600 | S206: =SUM(S144:S205) -> 0 | U206: =SUM(U144:U205) -> 998300 | W206: =SUM(W144:W205) -> 362100 | Y206: =SUM(Y144:Y205) -> 412500 | Z206: =SUM(B206:Y206) -> 14410968
B207: =SUM(B143:B205) -> 627.46 | D207: =SUM(D143:D205) -> 622.52 | F207: =SUM(F143:F205) -> 0 | H207: =SUM(H143:H205) -> 99.82 | J207: =SUM(J143:J205) -> 110.98 | L207: =SUM(L144:L205) -> 100.06 | N207: =SUM(N144:N205) -> 90 | P207: =SUM(P144:P205) -> 12.96 | R207: =SUM(R144:R205) -> 0 | T207: =SUM(T144:T205) -> 99.83 | V207: =SUM(V143:V205) -> 36.21 | X207: =SUM(X144:X205) -> 41.25 | Z207: =SUM(B207:Y207) -> 1841.09
Z208: =Z206+AH132+8 -> 52162318
A209: Terbilang: | B209: Lima puluh tiga juta lima ratus empat puluh delapan ribu enam ratus empat puluh enam rupiah | AA209: 52162318 | AF209: =Z208-AF213 -> 2467848
Q210: REGOINAL MANAGER JAWA | AA210: =AA209-Z208 -> 0
AF213: 49694470
Q215: MAHAR BAGUS UTOMO
Y217: 41497072 | Z217: =Y217-Z208 -> -10665246
C218: Hantaran | E218: Keb TPS | G218: Keb Taman Perak | I218: Security | M218: Ops Kantor | O218: Grand Total
C219: Liter | D219: Rp | E219: Liter | F219: Rp | G219: Liter | H219: Rp | I219: Liter | L219: Rp | M219: Liter | N219: Rp | O219: Liter | P219: Rp
C220: =B133 -> 950.86 | D220: =C132 -> 9508600 | E220: =L133 -> 212 | F220: =M132 -> 1441600 | G220: =V133 -> 105 | H220: =W132 -> 1050000 | I220: =B207 -> 627.46 | L220: =C206 -> 4266740 | M220: =V207 -> 36.21 | N220: =W206 -> 362100
C221: =F133 -> 896.11 | D221: =G132 -> 8961100 | E221: =#REF! -> #REF! | F221: =#REF! -> #REF! | G221: =X133 -> 321.4 | H221: =Y132 -> 3889000 | I221: =D207 -> 622.52 | L221: =E206 -> 4233128
C222: =#REF! -> #REF! | D222: =#REF! -> #REF! | E222: =T133 -> 220 | F222: =U132 -> 1496000 | G222: =Z133 -> 153.74 | H222: =AA132 -> 1045442 | I222: =#REF! -> #REF! | L222: =#REF! -> #REF!
G223: =AB133 -> 0 | H223: =AC132 -> 0 | I223: =H207 -> 99.82 | L223: =I206 -> 998200
G224: =AD133 -> 100 | H224: =AE132 -> 1000000 | I224: =J207 -> 110.98 | L224: =K206 -> 1109800
G225: =AF133 -> 0 | H225: =AG132 -> 0 | I225: =P207 -> 12.96 | L225: =Q206 -> 129600
...

Sheet SEPTEMBER 2024
A1: LAPORAN KONSUMSI BBM KENDARAAN DINAS PT PELINDO DAYA SEJAHTERA
A2: PERIODE SEPTEMBER 2024
A3: SUGENG | V3: MAS WAFI
A4: TANGGAL | B4: HANTARAN OPERATOR ITV TPS | J4: OPERASIONAL KEBERSHAN TPS | V4: SAPU JALAN PERAK BARAT | X4: PENYIRAMAN PERAK | Z4: SAPU JALAN (SPMT) | AB4: KEBERSIHAN PERAK | AF4: SAPU JALAN | AH4: GRAND TOTAL
B5: L 1941 OL (L 1873 SB) | D5: L 1941 OL (L 1873 SB) | F5: L 1536 MZ (L 1388 PC) | H5: L 1536 MZ (L 1388 PC) | J5: L 1838 ZB (L 1641 PA) | L5: L 8203 AF | N5: L 9910 BR | P5: L 9910 BR | R5: L 9034 BU | T5: L 9078 BU | V5: pertalite | W5: L 9662 NK | X5: pertamax | Y5: L 9664 NK | Z5: Solar | AA5: AE 8719 SQ/L 8393 LT | AB5: pertalite | AC5: L 8065 TR | AD5: pertalite | AE5: L 1659 U | AF5: pertalite | AG5: L 3098 LG
B6: Pertalite | C6: Rp | D6: Pertamax | E6: Rp | F6: Pertalite | G6: Rp | H6: Pertamax | I6: Rp | J6: Pertalite | K6: Rp | L6: solar | M6: Rp | N6: solar | O6: Rp | P6: pertamax | Q6: Rp | R6: Pertamina Dex | S6: Rp | T6: Solar | U6: Rp | V6: Liter | W6: Rp | X6: Liter | Y6: Rp | Z6: Liter | AA6: Rp | AB6: Liter | AC6: Rp | AD6: liter | AE6: Rp | AF6: Liter | AG6: Rp
A7: 45536 | B7: 29.63 | C7: 296300 | F7: 27.02 | G7: 270200 | J7: 34.44 | K7: 344400 | Z7: 29.17 | AA7: 198360
A11: 45537 | B11: 37.55 | C11: 375500 | F11: 39.14 | G11: 391400 | L11: 20 | M11: 136000 | X11: 20 | Y11: 259000
A15: 45538 | B15: 39.21 | C15: 392100 | F15: 39.84 | G15: 398400 | J15: 35.59 | K15: 355900 | N15: 20 | O15: 136000 | P15: 20 | Q15: 259000 | X15: 20 | Y15: 259000
A19: 45539 | B19: 36.53 | C19: 365300 | F19: 37.58 | G19: 375800 | J19: 38.25 | K19: 382500 | L19: 20 | M19: 136000 | V19: 15.68 | W19: 156800 | X19: 20 | Y19: 259000
A23: 45540 | B23: 38.09 | C23: 380900 | F23: 37.84 | G23: 378400 | J23: 36.09 | K23: 360900 | V23: 20 | W23: 200000 | X23: 20 | Y23: 259000
A27: 45541 | B27: 28.56 | C27: 285600 | F27: 38.64 | G27: 386400 | J27: 28.46 | K27: 284600 | N27: 20 | O27: 136000 | P27: 20 | Q27: 259000 | T27: 20 | U27: 136000 | X27: 20 | Y27: 259000
A31: 45542 | D31: 15.44 | E31: 200000 | H31: 7.72 | I31: 100000 | T31: 20 | U31: 136000 | X31: 20 | Y31: 259000
A35: 45543 | B35: 38.31 | C35: 383100 | F35: 41.87 | G35: 418700 | J35: 38.95 | K35: 389500 | N35: 47.52 | O35: 323140
A39: 45544 | B39: 30.62 | C39: 306200 | F39: 30.53 | G39: 305300 | J39: 26.95 | K39: 269500 | L39: 20 | M39: 136000 | V39: 20 | W39: 200000 | X39: 20 | Y39: 259000
A43: 45545 | B43: 32.88 | C43: 328800 | F43: 28.89 | G43: 288900 | J43: 18.71 | K43: 187100 | P43: 20 | Q43: 259000 | X43: 20 | Y43: 259000 | Z43: 24.38 | AA43: 165780
A47: 45546 | B47: 32.07 | C47: 320700 | F47: 27.84 | G47: 278400 | J47: 22.77 | K47: 227700 | N47: 20 | O47: 136000 | T47: 20 | U47: 136000 | V47: 20 | W47: 200000 | X47: 20 | Y47: 259000
A51: 45547 | B51: 25.46 | C51: 254600 | F51: 27.51 | G51: 275100 | L51: 20 | M51: 136000 | X51: 20 | Y51: 259000
A55: 45548 | B55: 30.44 | C55: 304400 | F55: 28.58 | G55: 285800 | P55: 20 | Q55: 259000 | V55: 20 | W55: 200000 | X55: 20 | Y55: 259000 | Z55: 24.63 | AA55: 167484
A59: 45549 | B59: 30.19 | C59: 301900 | F59: 27.03 | G59: 270300 | J59: 41.61 | K59: 416100
A63: 45550 | B63: 30.56 | C63: 305600 | F63: 25.75 | G63: 257500
A67: 45551 | B67: 26.75 | C67: 267500 | F67: 22.28 | G67: 222800 | J67: 34.65 | K67: 346500 | L67: 20 | M67: 136000
A71: 45552 | B71: 28.42 | C71: 284200 | F71: 23.78 | G71: 237800 | J71: 18.97 | K71: 189700 | X71: 20 | Y71: 259000
A75: 45553 | B75: 29.15 | C75: 291500 | F75: 26.6 | G75: 266000 | J75: 20.33 | K75: 203300 | N75: 20 | O75: 136000 | P75: 20 | Q75: 259000 | T75: 20 | U75: 136000 | V75: 20 | W75: 200000 | X75: 20 | Y75: 259000
A79: 45554 | B79: 27.35 | C79: 273500 | F79: 29.18 | G79: 291800 | J79: 22.4 | K79: 224000 | L79: 20 | M79: 136000 | V79: 20 | W79: 200000 | X79: 20 | Y79: 259000 | Z79: 29.2 | AA79: 198560
A83: 45555 | B83: 21.79 | C83: 217900 | F83: 26.85 | G83: 268500 | J83: 19.39 | K83: 193900 | N83: 20 | O83: 136000 | P83: 20 | Q83: 259000
A87: 45556 | B87: 17.63 | C87: 176300 | F87: 30.32 | G87: 303200 | J87: 30.69 | K87: 306900 | T87: 58.77 | U87: 399640 | X87: 20 | Y87: 259000
A91: 45557 | B91: 19.47 | C91: 194700 | F91: 26.77 | G91: 267700 | J91: 38.58 | K91: 385800
A95: 45558 | B95: 18.78 | C95: 187800 | F95: 29.02 | G95: 290200 | L95: 20 | M95: 136000 | N95: 20 | O95: 136000 | X95: 20 | Y95: 259000
A99: 45559 | F99: 28.24 | G99: 282400 | J99: 30.1 | K99: 301000 | P99: 20 | Q99: 259000 | V99: 20 | W99: 200000
A103: 45560 | B103: 25.49 | C103: 254900 | F103: 28.27 | G103: 282700 | J103: 16.5 | K103: 165000 | N103: 20 | O103: 136000 | V103: 20 | W103: 200000
A107: 45561 | B107: 42.1 | C107: 421000 | F107: 30.67 | G107: 306700 | J107: 19.47 | K107: 194700 | L107: 20 | M107: 136000 | X107: 20 | Y107: 259000 | Z107: 28.33 | AA107: 192640
A111: 45562 | B111: 33.41 | C111: 334100 | F111: 29.83 | G111: 298300 | J111: 20.57 | K111: 205700 | N111: 20 | O111: 136000 | P111: 20 | Q111: 259000 | T111: 20 | U111: 136000
A115: 45563 | B115: 30.13 | C115: 301300 | F115: 29.87 | G115: 298700 | J115: 22.05 | K115: 220500 | N115: 20 | O115: 136000 | T115: 20 | U115: 136000
A119: 45564 | B119: 38.09 | C119: 380900 | F119: 27.72 | G119: 277200 | J119: 26.25 | K119: 262500
A123: 45565 | B123: 26.35 | C123: 263500 | F123: 40.33 | G123: 403300 | J123: 24.26 | K123: 242600 | L123: 20 | M123: 136000 | P123: 20 | Q123: 259000 | X123: 20 | Y123: 259000
A127: TOTAL | C127: =SUM(C7:C123) -> 8450100 | E127: =SUM(E7:E126) -> 200000 | G127: =SUM(G7:G126) -> 8877900 | I127: =SUM(I7:I126) -> 100000 | K127: =SUM(K7:K126) -> 6660300 | M127: =SUM(M7:M126) -> 1224000 | O127: =SUM(O7:O126) -> 1547140 | Q127: =SUM(Q7:Q126) -> 2331000 | S127: =SUM(S7:S126) -> 0 | U127: =SUM(U7:U126) -> 1215640 | W127: =SUM(W7:W126) -> 1756800 | Y127: =SUM(Y7:Y126) -> 4662000 | AA127: =SUM(AA7:AA126) -> 922824 | AC127: =SUM(AC7:AC126) -> 0 | AE127: =SUM(AE7:AE126) -> 0 | AG127: =SUM(AG7:AG126) -> 0 | AH127: =SUM(B127:AG127) -> 37947704
B128: =SUM(B7:B126) -> 845.01 | D128: =SUM(D7:D126) -> 15.44 | F128: =SUM(F7:F127) -> 887.79 | H128: =SUM(H7:H126) -> 7.72 | J128: =SUM(J7:J127) -> 643.26 | L128: =SUM(L7:L127) -> 180 | N128: =SUM(N7:N127) -> 227.52 | P128: =SUM(P7:P127) -> 180 | R128: =SUM(R7:R127) -> 0 | T128: =SUM(T7:T127) -> 178.77 | V128: =SUM(V7:V127) -> 175.68 | X128: =SUM(X7:X127) -> 360 | Z128: =SUM(Z7:Z127) -> 135.71 | AB128: =SUM(AB6:AB127) -> 0 | AD128: =SUM(AD7:AD127) -> 0 | AF128: =SUM(AF7:AF127) -> 0 | AH128: =SUM(B128:AG128) -> 3836.9
A132: LAPORAN KONSUMSI BBM KENDARAAN DINAS PT PELINDO DAYA SEJAHTERA
A133: PERIODE SEPTEMBER 2024
A134: MAS RAJIP | X134: REGIONAL
A135: TANGGAL | B135: PORT SECURITY PERAK | H135: SEPEDA MOTOR OPS PORT SECURITY | X135: OPERASIONAL KANTOR PUSAT PTPDS | Z135: GRAND TOTAL
B136: L 9554 BW | D136: L 9560 BW | F136: L 9644 CM | H136: B 4940 TUD | J136: B 4498 TVA | L136: L 6552 ZZ (SPMT) | N136: L 6548 ZZ (SPMT) | P136: L 5198 PU | R136: L 5198 PU | T136: KB 4836 MT | V136: B 4834 MT (SPMT) | X136: B 2072 PZG
B137: Solar | C137: Rp | D137: Solar | E137: Rp | F137: Pert.Dex | G137: Rp | H137: pertalie | I137: Rp | J137: pertalie | K137: Rp | L137: pertalie | M137: Rp | N137: pertalite | O137: Rp | P137: pertalite | Q137: Rp | R137: pertamax | S137: Rp | T137: pertalite | U137: Rp | V137: pertalite | W137: Rp | X137: Liter | Y137: Rp
A139: 45536
A141: 45537 | B141: 32.63 | C141: 221880 | D141: 49.5 | E141: 336600
A143: 45538 | H143: 10 | I143: 100000 | J143: 10 | K143: 100000 | L143: 10 | M143: 100000 | N143: 9.01 | O143: 90100 | P143: 10 | Q143: 100000 | T143: 10 | U143: 100000
N144: 10 | O144: 100000
A145: 45539 | B145: 46.8 | C145: 318240 | D145: 47.4 | E145: 322320 | T145: 7 | U145: 70000
A147: 45540
A149: 45541 | L149: 9.09 | M149: 90900
A151: 45542
A153: 45543
A155: 45544 | D155: 59.64 | E155: 405550 | L155: 10 | M155: 100000
A157: 45545 | B157: 43.38 | C157: 294984 | D157: 47.4 | E157: 322320 | H157: 10 | I157: 100000 | J157: 11.83 | K157: 118300 | L157: 10 | M157: 100000 | N157: 10 | O157: 100000 | T157: 10 | U157: 100000
B158: 46.5 | C158: 316200 | J158: 10 | K158: 100000
A159: 45546
A161: 45547 | B161: 48.8 | C161: 331840 | D161: 47.42 | E161: 322456 | H161: 10 | I161: 100000 | J161: 10 | K161: 100000 | L161: 10 | M161: 100000 | N161: 10 | O161: 100000 | T161: 10 | U161: 100000
A163: 45548
A165: 45549
A167: 45550 | H167: 10 | I167: 100000 | N167: 10 | O167: 100000
A169: 45551 | B169: 47.25 | C169: 321300 | D169: 46.5 | E169: 316200 | J169: 10 | K169: 100000 | L169: 10 | M169: 100000 | T169: 10 | U169: 100000 | V169: 9.76 | W169: 97600
L170: 10 | M170: 100000 | T170: 12.58 | U170: 125800
A171: 45552
A173: 45553 | B173: 45.57 | C173: 309880 | D173: 53.4 | E173: 363120 | H173: 10 | I173: 100000 | J173: 10 | K173: 100000 | L173: 10 | M173: 100000 | N173: 10 | O173: 100000 | T173: 10 | U173: 100000
A175: 45554 | B175: 48.16 | C175: 327488 | D175: 49.83 | E175: 338844 | J175: 0.56666667 | K175: 133600
A177: 45555 | T177: 9.03 | U177: 90300 | X177: 46.08 | Y177: 460800
A179: 45556 | H179: 12.04 | I179: 120400
A181: 45557
A183: 45558 | B183: 47.3 | C183: 321640 | D183: 48.6 | E183: 330480 | F183: 34.36 | G183: 500000
A185: 45559 | H185: 10 | I185: 100000 | J185: 10 | K185: 100000 | L185: 10 | M185: 100000 | N185: 10 | O185: 100000 | T185: 10 | U185: 100000
A187: 45560 | V187: 95.8 | W187: 95800
A189: 45561 | B189: 60 | C189: 408000 | D189: 44.73 | E189: 304160 | H189: 10 | I189: 100000 | J189: 10 | K189: 100000 | L189: 10 | M189: 100000 | N189: 10 | O189: 100000 | T189: 10 | U189: 100000
J190: 14 | K190: 140000
A191: 45562
A193: 45563 | L193: 10.71 | M193: 107100
A195: 45564 | L195: 9.53 | M195: 95300
A197: 45565
A199: TOTAL | C199: =SUM(C138:C198) -> 3171452 | E199: =SUM(E138:E198) -> 3362050 | G199: =SUM(G138:G198) -> 500000 | I199: =SUM(I138:I198) -> 820400 | K199: =SUM(K138:K198) -> 1091900 | M199: =SUM(M139:M198) -> 1193300 | O199: =SUM(O139:O198) -> 790100 | Q199: =SUM(Q139:Q198) -> 100000 | S199: =SUM(S139:S198) -> 0 | U199: =SUM(U139:U198) -> 986100 | W199: =SUM(W139:W198) -> 193400 | Y199: =SUM(Y139:Y198) -> 460800 | Z199: =SUM(B199:Y199) -> 12669502
B200: =SUM(B138:B198) -> 466.39 | D200: =SUM(D138:D198) -> 494.42 | F200: =SUM(F138:F198) -> 34.36 | H200: =SUM(H138:H198) -> 82.04 | J200: =SUM(J138:J198) -> 96.396667 | L200: =SUM(L139:L198) -> 119.33 | N200: =SUM(N139:N198) -> 79.01 | P200: =SUM(P139:P198) -> 10 | R200: =SUM(R139:R198) -> 0 | T200: =SUM(T139:T198) -> 98.61 | V200: =SUM(V139:V198) -> 105.56 | X200: =SUM(X139:X198) -> 46.08 | Z200: =SUM(B200:Y200) -> 1632.1967
Z201: =Z199+AH127 -> 50617206
A202: Terbilang: | B202: Lima puluh tiga juta lima ratus empat puluh delapan ribu enam ratus empat puluh enam rupiah | AF202: =Z201-AF206 -> 922736
Q203: REGOINAL MANAGER JAWA
AF206: 49694470
Q208: MAHAR BAGUS UTOMO
Y210: 41497072 | Z210: =Y210-Z201 -> -9120134
C211: Hantaran | E211: Keb TPS | G211: Keb Taman Perak | I211: Security | M211: Ops Kantor | O211: Grand Total
C212: Liter | D212: Rp | E212: Liter | F212: Rp | G212: Liter | H212: Rp | I212: Liter | L212: Rp | M212: Liter | N212: Rp | O212: Liter | P212: Rp
C213: =B128 -> 845.01 | D213: =C127 -> 8450100 | E213: =L128 -> 180 | F213: =M127 -> 1224000 | G213: =V128 -> 175.68 | H213: =W127 -> 1756800 | I213: =B200 -> 466.39 | L213: =C199 -> 3171452 | M213: =V200 -> 105.56 | N213: =W199 -> 193400
C214: =F128 -> 887.79 | D214: =G127 -> 8877900 | E214: =#REF! -> #REF! | F214: =#REF! -> #REF! | G214: =X128 -> 360 | H214: =Y127 -> 4662000 | I214: =D200 -> 494.42 | L214: =E199 -> 3362050
C215: =#REF! -> #REF! | D215: =#REF! -> #REF! | E215: =T128 -> 178.77 | F215: =U127 -> 1215640 | G215: =Z128 -> 135.71 | H215: =AA127 -> 922824 | I215: =#REF! -> #REF! | L215: =#REF! -> #REF!
G216: =AB128 -> 0 | H216: =AC127 -> 0 | I216: =H200 -> 82.04 | L216: =I199 -> 820400
G217: =AD128 -> 0 | H217: =AE127 -> 0 | I217: =J200 -> 96.396667 | L217: =K199 -> 1091900
G218: =AF128 -> 0 | H218: =AG127 -> 0 | I218: =P200 -> 10 | L218: =Q199 -> 100000
I219: =L200 -> 119.33 | L219: =M199 -> 1193300
C220: =SUM(C213:C219) -> #REF! | D220: =SUM(D213:D219) -> #REF! | E220: =SUM(E213:E219) -> #REF! | F220: =SUM(F213:F219) -> #REF! | G220: =SUM(G213:G219) -> 671.39 | H220: =SUM(H213:H219) -> 7341624 | I220: =SUM(I213:I219) -> #REF! | L220: =SUM(L213:L219) -> #REF! | M220: =SUM(M213:M219) -> 105.56 | N220: =SUM(N213:N219) -> 193400 | O220: =M220+I220+G220+E220+C220 -> #REF! | P220: =D220+F220+H220+L220+N220 -> #REF!
S221: selisih
D222: solar
D223: pertalite
D224: pertamax

Sheet AGUSTUS 2024
A1: LAPORAN KONSUMSI BBM KENDARAAN DINAS PT PELINDO DAYA SEJAHTERA
A2: PERIODE AGUSTUS 2024
A3: SUGENG | R3: MAS WAFI
A4: TANGGAL | B4: HANTARAN OPERATOR ITV TPS | H4: OPERASIONAL KEBERSHAN TPS | R4: SAPU JALAN PERAK BARAT | T4: PENYIRAMAN PERAK | V4: SAPU JALAN | X4: KEBERSIHAN PERAK | AB4: SAPU JALAN | AD4: GRAND TOTAL
B5: L 1941 OL (L 1873 SB) | D5: L 1536 MZ (L 1388 PC) | F5: L 1838 ZB (L 1641 PA) | H5: L 8203 AF | J5: L 9910 BR | L5: L 9910 BR | N5: L 9034 BU | P5: L 9078 BU | R5: pertalite | S5: L 9662 NK | T5: pertamax | U5: L 9664 NK | V5: Solar | W5: L 8393 LT | X5: pertalite | Y5: L 8065 TR | Z5: pertalite | AA5: L 1659 U | AB5: pertalite | AC5: L 3098 LG
B6: Pertalite | C6: Rp | D6: Pertalite | E6: Rp | F6: Pertalite | G6: Rp | H6: solar | I6: Rp | J6: solar | K6: Rp | L6: pertamax | M6: Rp | N6: Pertamina Dex | O6: Rp | P6: Solar | Q6: Rp | R6: Liter | S6: Rp | T6: Liter | U6: Rp | V6: Liter | W6: Rp | X6: Liter | Y6: Rp | Z6: liter | AA6: Rp | AB6: Liter | AC6: Rp
A7: 45505 | B7: 37.64 | C7: 376400 | D7: 41.44 | E7: 414400 | F7: 21.38 | G7: 213800 | J7: 20 | K7: 136000 | T7: 20 | U7: 259000
A11: 45506 | B11: 34.36 | C11: 343600 | D11: 29.48 | E11: 294800 | F11: 19.38 | G11: 193800 | P11: 20 | Q11: 136000 | T11: 20 | U11: 259000
A15: 45507 | B15: 36.3 | C15: 363000 | D15: 41.01 | E15: 410100 | F15: 27.91 | G15: 279100 | H15: 20 | I15: 136000 | J15: 20 | K15: 136000 | L15: 20 | M15: 259000 | P15: 20 | Q15: 136000 | T15: 20 | U15: 259000
A19: 45508 | B19: 37.75 | C19: 377500 | D19: 37.88 | E19: 378800 | F19: 29.46 | G19: 294600
A23: 45509 | B23: 37.07 | C23: 370700 | D23: 30.04 | E23: 300400 | F23: 24.26 | G23: 242600 | R23: 20 | S23: 200000 | T23: 20 | U23: 259000 | AB23: 20 | AC23: 200000
A27: 45510 | B27: 29.59 | C27: 295900 | D27: 23.68 | E27: 236800 | F27: 18.84 | G27: 188400 | L27: 20 | M27: 259000 | P27: 20 | Q27: 136000 | T27: 20 | U27: 259000
A31: 45511 | D31: 24.59 | E31: 245900 | F31: 20.41 | G31: 204100 | H31: 20 | I31: 136000 | T31: 20 | U31: 259000 | V31: 23.44 | W31: 159392
B32: 32.15 | C32: 321500
A35: 45512 | B35: 24.8 | C35: 248000 | D35: 27.33 | E35: 273300 | F35: 18.32 | G35: 183200 | P35: 20 | Q35: 136000 | T35: 20 | U35: 259000
A39: 45513 | B39: 32.16 | C39: 321600 | D39: 33.68 | E39: 336800 | F39: 23.85 | G39: 238500 | P39: 20 | Q39: 136000 | R39: 20 | S39: 200000 | T39: 20 | U39: 259000
A43: 45514 | B43: 23.1 | C43: 231000 | D43: 25.34 | E43: 253400 | F43: 16.95 | G43: 169500 | H43: 20 | I43: 136000 | T43: 20 | U43: 274000
A47: 45515 | B47: 35.04 | C47: 350400 | D47: 28.08 | E47: 280800 | F47: 22.83 | G47: 228300
A51: 45516 | B51: 29.17 | C51: 291700 | D51: 24.14 | E51: 241400 | J51: 20 | K51: 136000 | L51: 20 | M51: 274000 | P51: 20 | Q51: 136000 | T51: 20 | U51: 274000 | V51: 24.16 | W51: 164288 | X51: 25 | Y51: 250000
A55: 45517 | B55: 15.57 | C55: 155700 | D55: 27.73 | E55: 277300 | F55: 35.38 | G55: 353800 | T55: 20 | U55: 274000
A59: 45518 | B59: 26.44 | C59: 264400 | D59: 13.95 | E59: 139500 | F59: 23.28 | G59: 232800 | H59: 20 | I59: 136000 | R59: 20 | S59: 200000 | T59: 20 | U59: 274000
A63: 45519 | B63: 26.8 | C63: 268000 | D63: 24.6 | E63: 246000 | P63: 20 | Q63: 136000 | T63: 20 | U63: 274000
A67: 45520 | B67: 26.8 | C67: 268000 | D67: 28.97 | E67: 289700 | F67: 32.21 | G67: 322100 | L67: 20 | M67: 274000 | P67: 20 | Q67: 136000 | T67: 20 | U67: 274000 | X67: 25 | Y67: 250000
A71: 45521 | B71: 26.22 | C71: 262200 | D71: 20.75 | E71: 207500 | F71: 16.64 | G71: 166400
A75: 45522 | B75: 32.68 | C75: 326800 | D75: 30.91 | E75: 309100 | F75: 17.82 | G75: 178200 | H75: 20 | I75: 136000
A79: 45523 | D79: 26.18 | E79: 261800 | F79: 20.2 | G79: 202000 | J79: 20 | K79: 136000 | T79: 20 | U79: 274000 | V79: 28.67 | W79: 194956
A83: 45524 | D83: 29.64 | E83: 296400 | F83: 27.44 | G83: 274400 | T83: 20 | U83: 274000 | X83: 20 | Y83: 200000
A87: 45525 | D87: 17.15 | E87: 171500 | F87: 30.1 | G87: 301000 | J87: 20 | K87: 136000 | T87: 20 | U87: 274000
L88: 20 | M88: 274000
A91: 45526 | B91: 37.57 | C91: 375700 | D91: 32.78 | E91: 327800 | F91: 20.75 | G91: 207500 | H91: 20 | I91: 136000 | P91: 20 | Q91: 136000 | T91: 20 | U91: 274000
A95: 45527 | D95: 29.68 | E95: 296800 | R95: 20 | S95: 200000 | T95: 20 | U95: 274000 | X95: 20 | Y95: 200000
B96: 26.15 | C96: 261500 | L96: 20 | M96: 274000
A99: 45528 | B99: 24.98 | C99: 249800 | D99: 26.8 | E99: 268000 | F99: 31.43 | G99: 314300 | T99: 20 | U99: 274000
A103: 45529 | D103: 29.84 | E103: 298400 | F103: 19.97 | G103: 199700 | J103: 20 | K103: 136000
B104: 30.25 | C104: 302500
A107: 45530 | B107: 31.15 | C107: 311500 | D107: 27.65 | E107: 276500 | F107: 18.65 | G107: 186500 | H107: 20 | I107: 136000 | P107: 20 | Q107: 136000 | T107: 20 | U107: 274000 | V107: 29.51 | W107: 200670
A111: 45531 | B111: 29.86 | C111: 298600 | D111: 30.29 | E111: 302900 | F111: 18.31 | G111: 183100 | J111: 29.13 | K111: 198080 | L111: 20 | M111: 274000 | T111: 20 | U111: 274000
A115: 45532 | B115: 33.98 | C115: 339800 | D115: 33.6 | E115: 336000 | F115: 18.97 | G115: 189700 | T115: 20 | U115: 274000
A119: 45533 | B119: 33.02 | C119: 330200 | D119: 29.57 | E119: 295700 | F119: 24.21 | G119: 242100 | H119: 20 | I119: 136000 | T119: 20 | U119: 274000
A123: 45534 | B123: 38.33 | C123: 383300 | D123: 28.35 | E123: 283500 | R123: 20 | S123: 200000 | T123: 20 | U123: 274000 | X123: 25 | Y123: 250000
A127: 45535 | B127: 25.27 | C127: 252700 | D127: 27.62 | E127: 276200 | F127: 37.56 | G127: 375600 | J127: 20 | K127: 136000 | L127: 20 | M127: 274000
P130: 20 | Q130: 136000 | T130: 20 | U130: 274000
A131: TOTAL | C131: =SUM(C7:C130) -> 8542000 | E131: =SUM(E7:E130) -> 8827500 | G131: =SUM(G7:G130) -> 6365100 | I131: =SUM(I7:I130) -> 1088000 | K131: =SUM(K7:K130) -> 1150080 | M131: =SUM(M7:M130) -> 2162000 | O131: =SUM(O7:O130) -> 0 | Q131: =SUM(Q7:Q130) -> 1496000 | S131: =SUM(S7:S130) -> 1000000 | U131: =SUM(U7:U130) -> 7004000 | W131: =SUM(W7:W130) -> 719306 | Y131: =SUM(Y7:Y130) -> 1150000 | AA131: =SUM(AA7:AA130) -> 0 | AC131: =SUM(AC7:AC130) -> 200000 | AD131: =SUM(B131:AC131) -> 39703986
B132: =SUM(B7:B130) -> 854.2 | D132: =SUM(D7:D131) -> 882.75 | F132: =SUM(F7:F131) -> 636.51 | H132: =SUM(H7:H131) -> 160 | J132: =SUM(J7:J131) -> 169.13 | L132: =SUM(L7:L131) -> 160 | N132: =SUM(N7:N131) -> 0 | P132: =SUM(P7:P131) -> 220 | R132: =SUM(R7:R131) -> 100 | T132: =SUM(T7:T131) -> 520 | V132: =SUM(V7:V131) -> 105.78 | X132: =SUM(X6:X131) -> 115 | Z132: =SUM(Z7:Z131) -> 0 | AB132: =SUM(AB7:AB131) -> 20 | AD132: =SUM(B132:AC132) -> 3943.37
A136: LAPORAN KONSUMSI BBM KENDARAAN DINAS PT PELINDO DAYA SEJAHTERA
A137: b
A138: MAS RAJIP | X138: REGIONAL
A139: TANGGAL | B139: PORT SECURITY PERAK | H139: SEPEDA MOTOR OPS PORT SECURITY | X139: OPERASIONAL KANTOR PUSAT PTPDS | Z139: GRAND TOTAL
B140: L 9554 BW | D140: L 9560 BW | F140: L 9560 BW | H140: B 4940 TUD | J140: B 4498 TVA | L140: L 6552 ZZ (SPMT) | N140: L 6548 ZZ (SPMT) | P140: L 5198 PU | R140: L 5198 PU | T140: B 4836 MT | V140: B 4834 MT (SPMT) | X140: B 2072 PZG
B141: Solar | C141: Rp | D141: Solar | E141: Rp | F141: Pert.Dex | G141: Rp | H141: pertalie | I141: Rp | J141: pertalie | K141: Rp | L141: pertalie | M141: Rp | N141: pertalite | O141: Rp | P141: pertalie | Q141: Rp | R141: pertamax | S141: Rp | T141: pertalite | U141: Rp | V141: pertalite | W141: Rp | X141: Liter | Y141: Rp
A143: 45505 | B143: 56.64 | C143: 385150
A145: 45506 | B145: 48.73 | C145: 331364 | D145: 47.42 | E145: 322456 | H145: 11.91 | I145: 119100 | J145: 11.4 | K145: 114000 | T145: 10 | U145: 100000
H146: 10 | I146: 100000 | J146: 10 | K146: 100000 | T146: 11.96 | U146: 119600
A147: 45507
A149: 45508 | F149: 59 | G149: 923350
A151: 45509 | B151: 48.7 | C151: 331160 | D151: 47.4 | E151: 322320 | H151: 10 | I151: 100000 | J151: 10 | K151: 100000 | L151: 10 | M151: 100000 | N151: 10 | O151: 100000 | P151: 9.13 | Q151: 91300 | T151: 10 | U151: 100000
A153: 45510 | L153: 7 | M153: 70000
A155: 45511 | X155: 32.69 | Y155: 326900
A157: 45512 | H157: 10 | I157: 100000 | J157: 10 | K157: 100000 | L157: 10 | M157: 100000 | N157: 10 | O157: 100000 | T157: 10 | U157: 100000
A159: 45513 | B159: 49.66 | C159: 337690 | D159: 37.06 | E159: 252010 | J159: 10 | K159: 100000 | V159: 6.86 | W159: 68600
A161: 45514 | B161: 49.7 | C161: 337960 | D161: 47.4 | E161: 322320 | J161: 10 | K161: 100000 | T161: 10 | U161: 100000
A163: 45515
A165: 45516
A167: 45517 | B167: 48.72 | C167: 331296 | D167: 47.41 | E167: 322388 | H167: 10 | I167: 100000 | J167: 10 | K167: 100000 | L167: 10 | M167: 100000 | N167: 10 | O167: 100000 | T167: 10 | U167: 100000
A169: 45518
A171: 45519 | T171: 10 | U171: 100000
A173: 45520 | B173: 50.33 | C173: 342244 | H173: 10 | I173: 100000 | J173: 10 | K173: 100000 | L173: 10 | M173: 100000 | N173: 10 | O173: 100000
H174: 10 | I174: 100000
A175: 45521 | L175: 10 | M175: 100000 | P175: 10 | Q175: 100000
A177: 45522 | D177: 54.49 | E177: 370530
A179: 45523 | T179: 12.99 | U179: 129900
A181: 45524 | B181: 48.7 | C181: 331160 | D181: 47.4 | E181: 322320 | H181: 10 | I181: 100000 | J181: 10 | K181: 100000 | L181: 10 | M181: 100000 | N181: 10 | O181: 100000 | T181: 10 | U181: 100000 | X181: 38.94 | Y181: 389400
T182: 7 | U182: 70000
A183: 45525
A185: 45526
A187: 45527
A189: 45528 | H189: 9.01 | I189: 90100
A191: 45529 | T191: 7.99 | U191: 79900
A193: 45530 | B193: 53.02 | C193: 360540 | D193: 50.64 | E193: 344350 | P193: 10 | Q193: 100000
A195: 45531 | B195: 48.79 | C195: 331772 | D195: 47.4 | E195: 322320 | H195: 10 | I195: 100000 | J195: 10 | K195: 100000 | L195: 10 | M195: 100000 | N195: 10 | O195: 100000 | T195: 10 | U195: 100000
L196: 10 | M196: 100000
A197: 45532 | B197: 48.7 | C197: 331160 | H197: 10 | I197: 100000 | J197: 10 | K197: 100000 | L197: 10 | M197: 100000 | N197: 10 | O197: 100000 | T197: 10 | U197: 100000
A199: 45533
A201: 45534
A203: 45535
A205: TOTAL | C205: =SUM(C142:C204) -> 3751496 | E205: =SUM(E142:E204) -> 2901014 | G205: =SUM(G142:G204) -> 923350 | I205: =SUM(I142:I204) -> 1109200 | K205: =SUM(K142:K204) -> 1114000 | M205: =SUM(M143:M204) -> 970000 | O205: =SUM(O143:O204) -> 700000 | Q205: =SUM(Q143:Q204) -> 291300 | S205: =SUM(S143:S204) -> 0 | U205: =SUM(U143:U204) -> 1299400 | W205: =SUM(W143:W204) -> 68600 | Y205: =SUM(Y143:Y204) -> 716300 | Z205: =SUM(B205:Y205) -> 13844660
B206: =SUM(B142:B204) -> 551.69 | D206: =SUM(D142:D204) -> 426.62 | F206: =SUM(F142:F204) -> 59 | H206: =SUM(H142:H204) -> 110.92 | J206: =SUM(J142:J204) -> 111.4 | L206: =SUM(L143:L204) -> 97 | N206: =SUM(N143:N204) -> 70 | P206: =SUM(P143:P204) -> 29.13 | R206: =SUM(R143:R204) -> 0 | T206: =SUM(T143:T204) -> 129.94 | V206: =SUM(V143:V204) -> 6.86 | X206: =SUM(X143:X204) -> 71.63 | Z206: =SUM(B206:Y206) -> 1664.19
Z207: =Z205+AD131 -> 53548646
A208: Terbilang: | B208: Lima puluh tiga juta lima ratus empat puluh delapan ribu enam ratus empat puluh enam rupiah | AF208: =Z207-AF212 -> 3854176
Q209: REGOINAL MANAGER JAWA
AF212: 49694470
Q214: MAHAR BAGUS UTOMO
Y216: 41497072 | Z216: =Y216-Z207 -> -12051574
C217: Hantaran | E217: Keb TPS | G217: Keb Taman Perak | I217: Security | M217: Ops Kantor | O217: Grand Total
C218: Liter | D218: Rp | E218: Liter | F218: Rp | G218: Liter | H218: Rp | I218: Liter | L218: Rp | M218: Liter | N218: Rp | O218: Liter | P218: Rp
C219: =B132 -> 854.2 | D219: =C131 -> 8542000 | E219: =H132 -> 160 | F219: =I131 -> 1088000 | G219: =R132 -> 100 | H219: =S131 -> 1000000 | I219: =B206 -> 551.69 | L219: =C205 -> 3751496 | M219: =V206 -> 6.86 | N219: =W205 -> 68600
C220: =D132 -> 882.75 | D220: =E131 -> 8827500 | E220: =#REF! -> #REF! | F220: =#REF! -> #REF! | G220: =T132 -> 520 | H220: =U131 -> 7004000 | I220: =D206 -> 426.62 | L220: =E205 -> 2901014
C221: =#REF! -> #REF! | D221: =#REF! -> #REF! | E221: =P132 -> 220 | F221: =Q131 -> 1496000 | G221: =V132 -> 105.78 | H221: =W131 -> 719306 | I221: =#REF! -> #REF! | L221: =#REF! -> #REF!
G222: =X132 -> 115 | H222: =Y131 -> 1150000 | I222: =H206 -> 110.92 | L222: =I205 -> 1109200
G223: =Z132 -> 0 | H223: =AA131 -> 0 | I223: =J206 -> 111.4 | L223: =K205 -> 1114000
...

Sheet JULI 2024
A1: LAPORAN KONSUMSI BBM KENDARAAN DINAS PT PELINDO DAYA SEJAHTERA
A2: PERIODE JULI 2024
B3: SUGENG (TPS) | R3: wafi (CS PERAK)
A4: TANGGAL | B4: HANTARAN OPERATOR ITV TPS | H4: OPERASIONAL KEBERSHAN TPS | R4: SAPU JALAN PERAK BARAT | T4: PENYIRAMAN PERAK | V4: SAPU JALAN | X4: KEBERSIHAN PERAK | AB4: SAPU JALAN | AD4: GRAND TOTAL
B5: L 1941 OL (L 1873 SB) | D5: L 1536 MZ (L 1388 PC) | F5: L 1838 ZB (L 1641 PA) | H5: L 8203 AF | J5: L 9910 BR | L5: L 9910 BR | N5: L 9034 BU | P5: L 9078 BU | R5: pertalite | S5: L 9662 NK | T5: pertamax | U5: L 9664 NK | V5: Solar | W5: L 8393 LT | X5: pertalite | Y5: L 8065 TR | Z5: pertalite | AA5: L 1659 U | AB5: pertalite | AC5: L 3098 LG
B6: Pertalite | C6: Rp | D6: Pertalite | E6: Rp | F6: Pertalite | G6: Rp | H6: solar | I6: Rp | J6: solar | K6: Rp | L6: pertamax | M6: Rp | N6: Pertamina Dex | O6: Rp | P6: Solar | Q6: Rp | R6: Liter | S6: Rp | T6: Liter | U6: Rp | V6: Liter | W6: Rp | X6: Liter | Y6: Rp | Z6: liter | AA6: Rp | AB6: Liter | AC6: Rp
A7: 45474 | B7: 25,47 | C7: 254700 | D7: 29,35 | E7: 293500 | F7: 31,33 | G7: 31300 | T7: 20 | U7: 259000
A11: 45475 | B11: 28,64 | C11: 286400 | D11: 27,67 | E11: 276700 | F11: 19,97 | G11: 199700 | H11: 20 | I11: 136000 | P11: 20 | Q11: 136000 | T11: 20 | U11: 259000
A15: 45476 | B15: 19,21 | C15: 192100 | D15: 25,11 | E15: 251100 | F15: 25 | G15: 250000 | T15: 20 | U15: 259000
V18: 26.92 | W18: 183060 | Z18: 20 | AA18: 200000
A19: 45477 | B19: 29,05 | C19: 290500 | D19: 10 | E19: 276300 | F19: 14,02 | G19: 140200 | L19: 20 | M19: 259000
A23: 45478 | B23: 29,6 | C23: 296000 | F23: 20,13 | G23: 201300 | J23: 20 | K23: 136000 | P23: 20 | Q23: 136000 | T23: 20 | U23: 259000
A27: 45479 | B27: 26,48 | C27: 264800 | D27: 38,55 | E27: 385500 | F27: 16,25 | G27: 162500 | H27: 20 | I27: 136000 | T27: 20 | U27: 259000
A31: 45480 | B31: 25,37 | C31: 253700 | D31: 28,47 | E31: 284700 | F31: 18,54 | G31: 185400
A35: 45481 | B35: 25,42 | C35: 254200 | D35: 27,4 | E35: 274000 | F35: 16,27 | G35: 162700 | T35: 20 | U35: 259000
Z38: 20 | AA38: 200000
A39: 45482 | B39: 29,52 | C39: 295200 | D39: 24,33 | E39: 243300 | F39: 20,27 | G39: 202700 | J39: 20 | K39: 136000 | P39: 20 | Q39: 136000 | T39: 20 | U39: 259000
A43: 45483 | B43: 24,58 | C43: 245800 | D43: 246,64 | E43: 246400 | F43: 21,87 | G43: 218700 | H43: 20 | I43: 136000 | T43: 20 | U43: 259000
A47: 45484 | B47: 24,89 | C47: 248900 | D47: 31,62 | E47: 316200 | F47: 23,65 | G47: 236500 | J47: 20 | K47: 259000 | P47: 20 | Q47: 136000 | T47: 20 | U47: 259000
A51: 45485 | B51: 29,55 | C51: 295500 | D51: 24,95 | E51: 249500 | F51: 17,63 | G51: 176300 | T51: 20 | U51: 259000
Z54: 20 | AA54: 200000
A55: 45486 | B55: 26,66 | C55: 266600 | D55: 26,13 | E55: 261300 | P55: 20 | Q55: 136000 | T55: 20 | U55: 259000
A59: 45487 | B59: 26,12 | C59: 261200 | D59: 23,03 | E59: 230300 | F59: 30,67 | G59: 306700 | H59: 20 | I59: 136000
A63: 45488 | B63: 23,71 | C63: 237100 | D63: 27,34 | E63: 273400 | F63: 20,98 | G63: 209800 | P63: 20 | Q63: 136000 | T63: 20 | U63: 259000
A67: 45489 | B67: 27,75 | C67: 277500 | D67: 29,65 | E67: 296300 | J67: 20 | K67: 136000 | L67: 20 | M67: 259000 | T67: 20 | U67: 259000
V70: 25.75 | W70: 175100
A71: 45490 | B71: 33,86 | C71: 338600 | D71: 32,39 | E71: 323900 | F71: 29,72 | G71: 297200 | P71: 20 | Q71: 136000 | T71: 20 | U71: 259000
X74: 20 | Y74: 200000
A75: 45491 | B75: 25,40 | C75: 254000 | D75: 29,88 | E75: 298800 | F75: 23,01 | G75: 230100 | H75: 20 | I75: 136000 | T75: 20 | U75: 259000
A79: 45492 | B79: 33,07 | C79: 330700 | D79: 23,43 | E79: 234300 | T79: 20 | U79: 259000
F82: 43,01 | G82: 430100
A83: 45493 | B83: 24,99 | C83: 249900 | D83: 26,94 | E83: 269400 | J83: 20 | K83: 136000 | P83: 20 | Q83: 136000 | T83: 20 | U83: 259000
Z86: 20 | AA86: 200000
A87: 45494 | B87: 31,22 | C87: 312200 | D87: 25,06 | E87: 250600 | H87: 20 | I87: 136000
A91: 45495 | B91: 27,93 | C91: 279300 | D91: 20,45 | E91: 204500 | F91: 26,72 | G91: 267200 | J91: 20 | K91: 136000 | T91: 20 | U91: 259000
J92: 20 | K92: 259000
A95: 45496 | D95: 26,90 | E95: 264000 | F95: 22,59 | G95: 225900 | T95: 20 | U95: 259000
B96: 26,93 | C96: 269300
Z98: 20 | AA98: 200000
A99: 45497 | B99: 18.9 | C99: 189000 | D99: 30,06 | E99: 300600 | F99: 22,86 | G99: 228600 | H99: 20 | I99: 136000 | P99: 20 | Q99: 136000 | T99: 20 | U99: 259000
A103: 45498 | B103: 24,80 | C103: 248000 | F103: 16,70 | G103: 167000 | T103: 20 | U103: 259000
A107: 45499 | B107: 23,18 | C107: 231800 | F107: 17,92 | G107: 179200 | J107: 20 | K107: 136000 | T107: 20 | U107: 259000
A111: 45500 | D111: 25,43 | E111: 254300 | H111: 20 | I111: 136000 | L111: 20 | M111: 259000 | P111: 20 | Q111: 136000 | T111: 20 | U111: 259000
A115: 45501 | D115: 18,92 | E115: 189200 | F115: 30,08 | G115: 300800
D116: 18,92 | E116: 189200
D117: 37,27 | E117: 372700
D118: 28,66 | E118: 283300
A119: 45502 | B119: 18,48 | C119: 184800 | D119: 30,61 | E119: 306100 | F119: 17,22 | G119: 172200 | T119: 20 | U119: 259000
A123: 45503 | F123: 19,93 | G123: 199300 | H123: 20 | I123: 136000 | T123: 20 | U123: 259000
Z126: 20 | AA126: 200000
A127: 45504 | B127: 22,78 | C127: 227800 | D127: 66,06 | E127: 330600 | F127: 25,12 | G127: 251200 | J127: 20 | K127: 136000 | L127: 20 | M127: 259000 | P127: 20 | Q127: 136000 | T127: 20 | U127: 259000
A131: TOTAL | C131: =SUM(C7:C130) -> 7335600 | E131: =SUM(E7:E130) -> 8230000 | G131: =SUM(G7:G130) -> 5632600 | I131: =SUM(I7:I130) -> 1224000 | K131: =SUM(K7:K130) -> 1470000 | M131: =SUM(M7:M130) -> 1036000 | O131: =SUM(O7:O130) -> 0 | Q131: =SUM(Q7:Q130) -> 1496000 | S131: =SUM(S7:S130) -> 0 | U131: =SUM(U7:U130) -> 6734000 | W131: =SUM(W7:W130) -> 358160 | Y131: =SUM(Y7:Y130) -> 200000 | AA131: =SUM(AA7:AA130) -> 1200000 | AC131: =SUM(AC7:AC130) -> 0 | AD131: =SUM(B131:AC131) -> 34916360
B132: =SUM(B7:B130) -> 18.9 | D132: =SUM(D7:D131) -> 10 | F132: =SUM(F7:F131) -> 25 | H132: =SUM(H7:H131) -> 180 | J132: =SUM(J7:J131) -> 180 | L132: =SUM(L7:L131) -> 80 | N132: =SUM(N7:N131) -> 0 | P132: =SUM(P7:P131) -> 220 | R132: =SUM(R7:R131) -> 0 | T132: =SUM(T7:T131) -> 520 | V132: =SUM(V7:V131) -> 52.67 | X132: =SUM(X6:X131) -> 20 | Z132: =SUM(Z7:Z131) -> 120 | AB132: =SUM(AB7:AB131) -> 0 | AD132: =SUM(B132:AC132) -> 1426.57
A136: LAPORAN KONSUMSI BBM KENDARAAN DINAS PT PELINDO DAYA SEJAHTERA
A137: PERIODE JULI 2024
B138: PENGAMANAN (RAJIF) | X138: KANTOR
A139: TANGGAL | B139: PORT SECURITY PERAK | H139: SEPEDA MOTOR OPS PORT SECURITY | X139: OPERASIONAL KANTOR PUSAT PTPDS | Z139: GRAND TOTAL
B140: L 9554 BW | D140: L 9560 BW | F140: L 9560 BW | H140: B 4940 TUD | J140: B 4498 TVA | L140: L 6552 ZZ | N140: L 6548 ZZ | P140: L 5198 PU | R140: L 5198 PU | T140: B 4836 MT | V140: B 4834 MT | X140: B 2072 PZG
B141: Solar | C141: Rp | D141: Solar | E141: Rp | F141: Pert.Dex | G141: Rp | H141: pertalie | I141: Rp | J141: pertalie | K141: Rp | L141: pertalie | M141: Rp | N141: pertalie | O141: Rp | P141: pertalie | Q141: Rp | R141: pertamax | S141: Rp | T141: pertalite | U141: Rp | V141: pertalite | W141: Rp | X141: Liter | Y141: Rp
A143: 45474 | B143: 48,66 | C143: 330888 | N143: 10 | O143: 100000
A145: 45475 | V145: 10 | W145: 10000
A147: 45476
A149: 45477 | B149: 47,83 | C149: 325280 | D149: 48,51 | E149: 329910 | J149: 10 | K149: 100000 | L149: 9,86 | M149: 98600 | P149: 10 | Q149: 100000 | T149: 10 | U149: 100000
J150: 10 | K150: 100000
A151: 45478
A153: 45479
A155: 45480
A157: 45481 | D157: 43,91 | E157: 298590
A159: 45482 | B159: 41,60 | H159: 10 | I159: 100000 | J159: 10 | K159: 100000 | T159: 10 | U159: 100000
A161: 45483 | D161: 47,25 | E161: 321300 | T161: 10 | U161: 100000
A163: 45484 | B163: 47,20 | C163: 320960
A165: 45485 | P165: 10 | Q165: 100000
A167: 45486
A169: 45487
A171: 45488 | B171: 48,72 | C171: 331296 | D171: 47,42 | E171: 322456 | H171: 10 | I171: 100000 | J171: 10 | K171: 100000 | T171: 10 | U171: 100000
A173: 45489 | X173: 38 | Y173: 380100
A175: 45490 | B175: 49,09 | C175: 333810 | D175: 52,85 | E175: 359380 | L175: 9,62 | M175: 96200 | T175: 10 | U175: 100000
A177: 45491 | H177: 10 | I177: 100000 | J177: 10 | K177: 100000 | L177: 11,25 | M177: 112500 | T177: 10 | U177: 100000
A179: 45492 | D179: 47,43 | E179: 322524 | V179: 7 | W179: 70000
A181: 45493
A183: 45494 | P183: 13,42 | Q183: 134200
A185: 45495 | H185: 10 | I185: 100000
A187: 45496
A189: 45497 | B189: 47,35 | C189: 321980 | D189: 40 | E189: 272000 | T189: 9,59 | U189: 95500
A191: 45498 | B191: 47,20 | C191: 320960 | D191: 46,80 | E191: 318240 | H191: 10 | I191: 100000 | J191: 10 | K191: 100000 | T191: 10 | U191: 100000
A193: 45499
A195: 45500
A197: 45501 | L197: 10,44 | M197: 104400 | V197: 10,92 | W197: 109200
A199: 45502
A201: 45503 | D201: 47,60 | E201: 323680 | H201: 10 | I201: 100000 | J201: 10 | K201: 100000 | T201: 10 | U201: 100000
A203: 45504 | L203: 10 | M203: 100000 | N203: 10 | O203: 100000
L204: 5 | M204: 50000
A205: TOTAL | C205: =SUM(C142:C204) -> 2285174 | E205: =SUM(E142:E204) -> 2868080 | G205: =SUM(G142:G204) -> 0 | I205: =SUM(I142:I204) -> 600000 | K205: =SUM(K142:K204) -> 700000 | M205: =SUM(M143:M204) -> 561700 | O205: =SUM(O143:O204) -> 200000 | Q205: =SUM(Q143:Q204) -> 334200 | S205: =SUM(S143:S204) -> 0 | U205: =SUM(U143:U204) -> 895500 | W205: =SUM(W143:W204) -> 189200 | Y205: =SUM(Y143:Y204) -> 380100 | Z205: =SUM(B205:Y205) -> 9013954
B206: =SUM(B142:B204) -> 0 | D206: =SUM(D142:D204) -> 40 | F206: =SUM(F142:F204) -> 0 | H206: =SUM(H142:H204) -> 60 | J206: =SUM(J142:J204) -> 70 | L206: =SUM(L143:L204) -> 15 | N206: =SUM(N143:N204) -> 20 | P206: =SUM(P143:P204) -> 20 | R206: =SUM(R143:R204) -> 0 | T206: =SUM(T143:T204) -> 80 | V206: =SUM(V143:V204) -> 17 | X206: =SUM(X143:X204) -> 38 | Z206: =SUM(B206:Y206) -> 360
Z207: =Z205+AD131 -> 43930314
A208: Terbilang: | B208: Empat puluh tiga juta enam puluh ribu dua ratus dua rupiah | AF208: =Z207-AF212 -> -5764156
Q209: REGOINAL MANAGER JAWA
AF212: 49694470
Q214: MAHAR BAGUS UTOMO
Y216: 41497072 | Z216: =Y216-Z207 -> -2433242
...

Sheet JUNI 2024
A1: LAPORAN KONSUMSI BBM KENDARAAN DINAS PT PELINDO DAYA SEJAHTERA
A2: PERIODE JUNI 2024
A3: TANGGAL | B3: HANTARAN OPERATOR ITV TPS | H3: OPERASIONAL KEBERSHAN TPS | R3: SAPU JALAN PERAK BARAT | T3: PENYIRAMAN PERAK | V3: SAPU JALAN | X3: KEBERSIHAN PERAK | AB3: SAPU JALAN | AD3: GRAND TOTAL
B4: L 1941 OL (L 1873 SB) | D4: L 1536 MZ (L 1388 PC) | F4: L 1838 ZB (L 1641 PA) | H4: L 8203 AF | J4: L 9910 BR | L4: L 9910 BR | N4: L 9034 BU | P4: L 9078 BU | R4: pertalite | S4: L 9662 NK | T4: pertamax | U4: L 9664 NK | V4: Solar | W4: L 8393 LT | X4: pertalite | Y4: L 8065 TR | Z4: pertalite | AA4: L 1659 U | AB4: pertalite | AC4: L 3098 LG
B5: Pertalite | C5: Rp | D5: Pertalite | E5: Rp | F5: Pertalite | G5: Rp | H5: solar | I5: Rp | J5: solar | K5: Rp | L5: Pertamax | M5: Rp | N5: Pertamina Dex | O5: Rp | P5: Solar | Q5: Rp | R5: Liter | S5: Rp | T5: Liter | U5: Rp | V5: Liter | W5: Rp | X5: Liter | Y5: Rp | Z5: liter | AA5: Rp | AB5: Liter | AC5: Rp
A6: 45444
B9: 32.75 | C9: 327500 | D9: 27.86 | E9: 278600 | F9: 25.93 | G9: 259300
A10: 45445
B13: 28.48 | C13: 284800 | D13: 27.65 | E13: 276500 | J13: 20 | K13: 136000 | V13: 20.79 | W13: 141372
A14: 45446
B17: 25.92 | C17: 259200 | D17: 29.75 | E17: 297500 | F17: 31.65 | G17: 316500 | H17: 20 | I17: 136000 | T17: 20 | U17: 259000 | Z17: 10 | AA17: 100000
A18: 45447
B21: 30.2 | C21: 302000 | D21: 25.4 | E21: 254000 | H21: 20 | I21: 136000 | P21: 20 | Q21: 136000 | T21: 20 | U21: 259000
A22: 45448
B25: 21.04 | C25: 210400 | D25: 28.85 | E25: 288500 | F25: 39.59 | G25: 395900 | J25: 20 | K25: 136000 | L25: 20 | M25: 259000 | T25: 20 | U25: 259000
A26: 45449
B29: 26.88 | C29: 268800 | D29: 23.39 | E29: 233900 | F29: 16.28 | G29: 162800 | T29: 20 | U29: 259000 | V29: 28.64 | W29: 194750 | X29: 20 | Y29: 200000 | Z29: 10 | AA29: 100000
A30: 45450
B33: 31.98 | C33: 319800 | D33: 29.01 | E33: 290100 | F33: 18.63 | G33: 186300 | H33: 20 | I33: 136000 | T33: 20 | U33: 259000
A34: 45451
B37: 26.91 | C37: 269100 | D37: 27.99 | E37: 279900 | F37: 16.4 | G37: 164000 | P37: 20 | Q37: 136000 | T37: 20 | U37: 259000
A38: 45452
B41: 28.83 | C41: 288300 | D41: 27.6 | E41: 276000
A42: 45453
B45: 24.36 | C45: 243600 | D45: 23.87 | E45: 238700 | F45: 34.35 | G45: 343500 | H45: 20 | I45: 136000 | L45: 20 | M45: 259000 | P45: 20 | Q45: 136000 | T45: 20 | U45: 259000
A46: 45454
B49: 26.3 | C49: 263000 | D49: 26.47 | E49: 264700 | F49: 22.98 | G49: 229800 | T49: 20 | U49: 259000
A50: 45455
B53: 21.07 | C53: 210700 | D53: 20.13 | E53: 201300 | F53: 21.53 | G53: 215300 | J53: 20 | K53: 136000 | T53: 20 | U53: 259000 | V53: 35.92 | W53: 244256 | Z53: 20 | AA53: 200000
A54: 45456
B57: 22.63 | C57: 226300 | D57: 24.45 | E57: 244500 | F57: 16.33 | G57: 163300 | H57: 20 | I57: 136000 | T57: 20 | U57: 259000
A58: 45457
B61: 27.84 | C61: 278400 | D61: 25.6 | E61: 256000 | F61: 19.73 | G61: 197300 | L61: 20 | M61: 259000 | P61: 20 | Q61: 136000 | T61: 20 | U61: 259000
A62: 45458
B65: 26 | C65: 260000 | D65: 29.54 | E65: 295400 | F65: 19.49 | G65: 194900 | T65: 20 | U65: 259000
A66: 45459
B69: 26.95 | C69: 269500 | D69: 25.43 | E69: 254300 | F69: 16.78 | G69: 167800 | H69: 20 | I69: 136000 | J69: 20 | K69: 136000
A70: 45460
B73: 28.28 | C73: 282800 | D73: 27.98 | E73: 279800
A74: 45461
B77: 22.89 | C77: 228900 | D77: 19.78 | E77: 197800 | F77: 30 | G77: 300000 | T77: 20 | U77: 259000
A78: 45462
B81: 25.47 | C81: 254700 | D81: 27.21 | E81: 272100 | F81: 30.56 | G81: 305600 | T81: 20 | U81: 259000 | V81: 30.78 | W81: 209300 | X81: 20 | Y81: 200000
A82: 45463
B85: 26.1 | C85: 261000 | D85: 25.95 | E85: 259500 | P85: 20 | Q85: 136000 | T85: 20 | U85: 259000
A86: 45464
B89: 22.79 | C89: 227900 | D89: 24.91 | E89: 249100 | F89: 33.15 | G89: 331500 | H89: 20 | I89: 136000 | J89: 60 | K89: 408000 | L89: 20 | M89: 259000 | T89: 20 | U89: 259000
A90: 45465
B93: 21.1 | C93: 211000 | D93: 17.57 | E93: 175700 | F93: 14.75 | G93: 147500 | T93: 20 | U93: 259000 | AB93: 15.65 | AC93: 156500
A94: 45466
B97: 27.25 | C97: 272500 | D97: 29.88 | E97: 298800 | F97: 16.44 | G97: 164400 | P97: 20 | Q97: 136000
A98: 45467
B101: 36.12 | C101: 361200 | D101: 23.74 | E101: 237400 | F101: 21.27 | G101: 212700 | T101: 20 | U101: 259000 | Z101: 20 | AA101: 200000
A102: 45468
B105: 26.99 | C105: 269900 | D105: 31.79 | E105: 317900 | F105: 21.69 | G105: 216900 | H105: 20 | I105: 136000 | T105: 20 | U105: 259000
A106: 45469
B109: 29.18 | C109: 291800 | D109: 28.85 | E109: 288500 | F109: 18.52 | G109: 185200 | T109: 20 | U109: 259000 | V109: 24.72 | W109: 168160
A110: 45470
B113: 35.56 | C113: 355600 | D113: 27.98 | E113: 279800 | F113: 28.73 | G113: 287300 | L113: 20 | M113: 259000 | P113: 20 | Q113: 136000 | T113: 20 | U113: 259000 | X113: 10 | Y113: 100000
A114: 45471
B117: 33.34 | C117: 333400 | D117: 35.32 | E117: 353200 | T117: 20 | U117: 259000 | X117: 20 | Y117: 200000
A118: 45472
B121: 36.11 | C121: 361100 | D121: 27.36 | E121: 273600 | F121: 32.68 | G121: 326800 | H121: 20 | I121: 136000 | P121: 20 | Q121: 136000 | T121: 20 | U121: 259000
A122: 45473
B125: 23.11 | C125: 231100 | D125: 27.31 | E125: 273100
A126: TOTAL | C126: =SUM(C6:C125) -> 8224300 | E126: =SUM(E6:E125) -> 7986200 | G126: =SUM(G6:G125) -> 5474600 | I126: =SUM(I6:I125) -> 1224000 | K126: =SUM(K6:K125) -> 952000 | M126: =SUM(M6:M125) -> 1295000 | O126: =SUM(O6:O125) -> 0 | Q126: =SUM(Q6:Q125) -> 1088000 | S126: =SUM(S6:S125) -> 0 | U126: =SUM(U6:U125) -> 5957000 | W126: =SUM(W6:W125) -> 957838 | Y126: =SUM(Y6:Y125) -> 700000 | AA126: =SUM(AA6:AA125) -> 600000 | AC126: =SUM(AC6:AC125) -> 156500 | AD126: =SUM(B126:AC126) -> 34615438
B127: =SUM(B6:B125) -> 822.43 | D127: =SUM(D6:D126) -> 798.62 | F127: =SUM(F6:F126) -> 547.46 | H127: =SUM(H6:H126) -> 180 | J127: =SUM(J6:J126) -> 140 | L127: =SUM(L6:L126) -> 100 | N127: =SUM(N6:N126) -> 0 | P127: =SUM(P6:P126) -> 160 | R127: =SUM(R6:R126) -> 0 | T127: =SUM(T6:T126) -> 460 | V127: =SUM(V6:V126) -> 140.85 | X127: =SUM(X5:X126) -> 70 | Z127: =SUM(Z6:Z126) -> 60 | AB127: =SUM(AB6:AB126) -> 15.65 | AD127: =SUM(B127:AC127) -> 3495.01
A131: LAPORAN KONSUMSI BBM KENDARAAN DINAS PT PELINDO DAYA SEJAHTERA
A132: PERIODE JUNI 2024
A133: TANGGAL | B133: PORT SECURITY PERAK | H133: SEPEDA MOTOR OPS PORT SECURITY | X133: OPERASIONAL KANTOR PUSAT PTPDS | Z133: GRAND TOTAL
B134: L 9554 BW | D134: L 9560 BW | F134: L 9560 BW | H134: B 4940 TUD | J134: B 4498 TVA | L134: L 6552 ZZ | N134: L 6548 ZZ | P134: L 5198 PU | R134: L 5198 PU | T134: B 4836 MT | V134: B 4834 MT | X134: B 2072 PZG
B135: Solar | C135: Rp | D135: Solar | E135: Rp | F135: Pert.Dex | G135: Rp | H135: pertalie | I135: Rp | J135: pertalie | K135: Rp | L135: pertalie | M135: Rp | N135: pertalie | O135: Rp | P135: pertalie | Q135: Rp | R135: pertamax | S135: Rp | T135: pertalite | U135: Rp | V135: pertalite | W135: Rp | X135: Liter | Y135: Rp
A137: 45444
V138: 3.14 | W138: 31400
A139: 45445
A141: 45446
H142: 11.06 | I142: 110600
A143: 45447
V144: 3.7 | W144: 37000
A145: 45448
P146: 11.99 | Q146: 119900
A147: 45449
B148: 54.03 | C148: 367400 | D148: 47.88 | E148: 325584
A149: 45450
H150: 10 | I150: 100000 | J150: 10 | K150: 100000 | T150: 10 | U150: 100000
A151: 45451
B152: 46.8 | C152: 318240 | D152: 47.5 | E152: 323000
A153: 45452
L154: 10.97 | M154: 109700
A155: 45453
V156: 4.05 | W156: 40500
A157: 45454
A159: 45455
B160: 47.51 | C160: 323068 | D160: 48.8 | E160: 331840 | H160: 10 | I160: 100000 | J160: 10 | K160: 100000 | T160: 10 | U160: 100000
A161: 45456
V162: 2.85 | W162: 28500
A163: 45457
B164: 47.99 | C164: 326332 | L164: 10 | M164: 100000
A165: 45458
D166: 55.78 | E166: 379304
...

Sheet MEI 2024
A1: LAPORAN KONSUMSI BBM KENDARAAN DINAS PT PELINDO DAYA SEJAHTERA
A2: PERIODE MEI 2024
A3: TANGGAL | B3: HANTARAN OPERATOR ITV TPS | H3: OPERASIONAL KEBERSHAN TPS | R3: SAPU JALAN PERAK BARAT | T3: PENYIRAMAN PERAK | V3: SAPU JALAN | X3: KEBERSIHAN PERAK | AB3: SAPU JALAN | AD3: GRAND TOTAL
B4: L 1941 OL (L 1873 SB) | D4: L 1536 MZ (L 1388 PC) | F4: L 1838 ZB (L 1641 PA) | H4: L 8203 AF | J4: L 9910 BR | L4: L 9910 BR | N4: L 9034 BU | P4: L 9078 BU | R4: pertalite | S4: L 9662 NK | T4: pertamax | U4: L 9664 NK | V4: Solar | W4: L 8393 LT | X4: pertalite | Y4: L 8065 TR | Z4: pertalite | AA4: L 1659 U | AB4: pertalite | AC4: L 3098 LG
B5: Pertalite | C5: Rp | D5: Pertalite | E5: Rp | F5: Pertalite | G5: Rp | H5: solar | I5: Rp | J5: solar | K5: Rp | L5: Pertamax | M5: Rp | N5: Pertamina Dex | O5: Rp | P5: Solar | Q5: Rp | R5: Liter | S5: Rp | T5: Liter | U5: Rp | V5: Liter | W5: Rp | X5: Liter | Y5: Rp | Z5: liter | AA5: Rp | AB5: Liter | AC5: Rp
A6: 45413
D8: 30.51 | E8: 305100 | F8: 15.55 | G8: 155500
B9: 26 | C9: 260000 | H9: 20 | I9: 136000 | P9: 20 | Q9: 136000
A10: 45414
B13: 23.48 | C13: 234800 | D13: 21.64 | E13: 216400 | F13: 24.74 | G13: 247400 | T13: 20 | U13: 259000 | AB13: 20 | AC13: 200000
A14: 45415
B17: 20.89 | C17: 208900 | D17: 29.05 | E17: 290500 | T17: 20 | U17: 259000 | Z17: 24.7 | AA17: 167960
A18: 45416
B21: 26.63 | C21: 266300 | D21: 24.72 | E21: 247200 | F21: 27.26 | G21: 272600 | H21: 20 | I21: 136000 | L21: 20 | M21: 259000 | T21: 20 | U21: 259000
A22: 45417
B25: 26.13 | C25: 261300 | D25: 29.65 | E25: 296500
A26: 45418
B29: 30.71 | C29: 307100 | D29: 32.25 | E29: 322500 | F29: 32.04 | G29: 320400 | L29: 20 | M29: 259000 | P29: 20 | Q29: 136000 | T29: 20 | U29: 259000
A30: 45419
B32: 27.88 | C32: 278800 | D32: 28.42 | E32: 284200 | F32: 15.3 | G32: 153000 | H32: 20 | I32: 136000 | L32: 20 | M32: 259000 | T32: 20 | U32: 259000 | X32: 20 | Y32: 200000
A34: 45420
B37: 27.17 | C37: 271700 | D37: 26.17 | E37: 261700 | F37: 17.34 | G37: 173400 | J37: 20 | K37: 136000 | T37: 20 | U37: 259000 | Z37: 25.86 | AA37: 175850
A38: 45421
B41: 29.5 | C41: 295100 | D41: 24.4 | E41: 244000 | F41: 16.49 | G41: 164900 | J41: 20 | K41: 136000 | T41: 20 | U41: 259000
A42: 45422
B45: 26.79 | C45: 267900 | D45: 32.96 | E45: 329600 | F45: 16.69 | G45: 166900 | T45: 20 | U45: 259000
A46: 45423
B49: 23.22 | C49: 232200 | D49: 25.69 | E49: 256900 | F49: 18 | G49: 180000 | H49: 20 | I49: 136000 | L49: 20 | M49: 259000 | T49: 20 | U49: 259000
A50: 45424
B53: 29.07 | C53: 290700 | D53: 32.91 | E53: 329100 | F53: 17.27 | G53: 172700
A54: 45425
B57: 31.52 | C57: 315200 | D57: 36.35 | E57: 363500 | F57: 22.03 | G57: 220300 | J57: 20 | K57: 136000 | L57: 20 | M57: 259000 | T57: 20 | U57: 259000 | X57: 18.87 | Y57: 188700 | AB57: 10 | AC57: 100000
A58: 45426
B61: 28.35 | C61: 283500 | D61: 28.05 | E61: 280500 | F61: 21.52 | G61: 215200 | L61: 20 | M61: 259000 | P61: 20 | Q61: 136000 | T61: 20 | U61: 259000
A62: 45427
B65: 26.71 | C65: 267100 | D65: 29.77 | E65: 297700 | F65: 18.4 | G65: 184000 | H65: 20 | I65: 136000 | T65: 20 | U65: 259000 | Z65: 18.09 | AA65: 123010 | AB65: 10.09 | AC65: 100900
A66: 45428
B69: 28.82 | C69: 288200 | D69: 30.42 | E69: 304200 | F69: 23.59 | G69: 235900 | L69: 20 | M69: 259000 | P69: 20 | Q69: 136000 | T69: 20 | U69: 259000
A70: 45429
B73: 27.76 | C73: 277600 | D73: 27.97 | E73: 279700 | J73: 20 | K73: 136000 | T73: 20 | U73: 259000 | X73: 20 | Y73: 200000
A74: 45430
B77: 29.02 | C77: 290200 | D77: 33.14 | E77: 331400 | F77: 36.63 | G77: 366300 | H77: 20 | I77: 136000 | T77: 20 | U77: 259000 | Z77: 36.62 | AA77: 249020
A78: 45431
B81: 27.99 | C81: 279900 | D81: 27.6 | E81: 276000 | L81: 19.76 | M81: 256000
A82: 45432
D85: 26.9 | E85: 269000 | F85: 37.38 | G85: 373800 | L85: 20 | M85: 259000 | P85: 20 | Q85: 136000 | T85: 20 | U85: 259000 | AB85: 10 | AC85: 100000
A86: 45433
D89: 27.3 | E89: 273000 | F89: 33.54 | G89: 335400 | H89: 20 | I89: 136000 | J89: 20 | K89: 136000 | L89: 20 | M89: 259000 | T89: 20 | U89: 259000
A90: 45434
D93: 34.48 | E93: 344800 | F93: 27.47 | G93: 274700 | P93: 20 | Q93: 136000 | T93: 20 | U93: 259000 | X93: 27.21 | Y93: 185030 | Z93: 20 | AA93: 200000
A94: 45435
D97: 27.82 | E97: 278200 | F97: 31.59 | G97: 315900
A98: 45436
B100: 36.22 | C100: 362200 | T100: 20 | U100: 259000
D101: 31.23 | E101: 312300
A102: 45437 | B102: 27.75 | C102: 277500
T103: 20 | U103: 259000
B105: 20.48 | C105: 204800 | F105: 38.05 | G105: 380500 | H105: 20 | I105: 136000 | P105: 20 | Q105: 136000
A106: 45438
D109: 25.76 | E109: 257600 | X109: 26.46 | Y109: 179928
A110: 45439
B113: 26.54 | C113: 265400 | D113: 23.48 | E113: 234800 | F113: 31.8 | G113: 318000 | J113: 20 | K113: 136000 | L113: 20 | M113: 259000 | T113: 20 | U113: 259000 | Z113: 20 | AA113: 200000
A114: 45440
B117: 26.29 | C117: 262900 | D117: 25.75 | E117: 257500 | F117: 20.39 | G117: 203900 | J117: 20 | K117: 136000 | T117: 20 | U117: 259000 | AB117: 9.99 | AC117: 99900
A118: 45441
B121: 28.21 | C121: 282100 | D121: 28.8 | E121: 288000 | J121: 20 | K121: 259000 | T121: 20 | U121: 259000
A122: 45442
D125: 31.25 | E125: 312500 | F125: 34.59 | G125: 345900 | P125: 20 | Q125: 136000 | T125: 20 | U125: 259000
A126: 45443
B129: 40.59 | C129: 405900 | D129: 27.47 | E129: 274700 | F129: 27.28 | G129: 272800 | H129: 20 | I129: 136000 | L129: 20 | M129: 259000 | P129: 20 | Q129: 136000 | T129: 20 | U129: 259000 | Z129: 20 | AA129: 200000
